Timestamp,Category,Amount,Comment
03.01.2022 15:02:18,Продукты,357,
03.01.2022 15:02:30,Алик и фигня,200,
03.01.2022 15:02:38,Животные,1590,
03.01.2022 15:03:09,Продукты,120,
03.01.2022 15:03:27,Продукты,397,
03.01.2022 16:10:31,Продукты,31,
04.01.2022 13:37:04,Дом/Быт,81,
05.01.2022 16:20:57,Здоровье,690,
05.01.2022 16:21:42,Продукты,53,
05.01.2022 17:33:16,Фастфуд,140,
05.01.2022 23:44:27,Алик и фигня,70,
06.01.2022 14:28:15,Тачка ТО,247,
06.01.2022 14:28:36,Одежда Обувь,230,
06.01.2022 14:48:45,Дом/Быт,107,
06.01.2022 15:07:29,Дом/Быт,250,
06.01.2022 15:07:56,Подарки Кому то,190,
06.01.2022 15:36:49,Продукты,803,
07.01.2022 20:43:23,Продукты,85,
09.01.2022 16:03:55,Фастфуд,314,
10.01.2022 18:44:58,Продукты,178,
10.01.2022 18:46:39,Тачка Бенз,1269,
11.01.2022 21:21:19,Продукты,519,
13.01.2022 11:13:02,Подарки Кому то,430,
13.01.2022 11:13:59,Животные,290,
13.01.2022 11:14:43,Продукты,220,
13.01.2022 11:16:03,Продукты,190,
13.01.2022 11:16:17,Фастфуд,76,
13.01.2022 15:03:22,Продукты,232,
13.01.2022 15:03:41,Дом/Быт,130,
13.01.2022 18:18:15,Животные,90,
13.01.2022 18:54:01,Подарки Кому то,836,
13.01.2022 19:21:07,Продукты,280,
13.01.2022 21:02:14,Фастфуд,105,
14.01.2022 14:33:46,Подарки Кому то,230,
14.01.2022 14:33:54,Здоровье,130,
14.01.2022 19:21:45,Продукты,197,
14.01.2022 20:44:54,Фастфуд,500,
15.01.2022 13:10:52,Дом/Быт,56,
15.01.2022 13:11:10,Животные,107,
15.01.2022 13:27:44,Психотерапевт,500,
16.01.2022 15:35:53,Алик и фигня,80,
16.01.2022 15:36:01,Здоровье,20,
16.01.2022 15:36:09,Продукты,409,
16.01.2022 15:55:31,Продукты,415,
16.01.2022 16:18:54,Фастфуд,183,
16.01.2022 20:38:10,Алик и фигня,80,
17.01.2022 18:00:15,Продукты,80,
18.01.2022 11:32:17,Подарки Кому то,61,
18.01.2022 15:04:16,Здоровье,197,
18.01.2022 15:04:59,Продукты,89,
18.01.2022 15:05:16,Разное,300,
18.01.2022 15:26:35,Продукты,490,
20.01.2022 19:28:45,Продукты,305,
21.01.2022 12:18:45,Необходимые крупные покупки,560,
21.01.2022 17:46:49,Комуналка,6700,
21.01.2022 19:03:42,Продукты,650,
21.01.2022 21:51:01,Необходимые крупные покупки,21800,
21.01.2022 21:51:21,Алик и фигня,700,
22.01.2022 9:52:06,Здоровье,1100,
22.01.2022 10:22:27,Продукты,384,
22.01.2022 10:43:00,Фастфуд,276,
23.01.2022 11:50:48,Подарки Кому то,73,
23.01.2022 13:17:32,Продукты,374,
23.01.2022 13:31:57,Животные,474,
23.01.2022 16:05:23,Продукты,350,
23.01.2022 21:38:33,Фастфуд,125,
25.01.2022 13:06:33,Животные,115,
25.01.2022 14:15:32,Дом/Быт,170,
25.01.2022 14:58:54,Дом/Быт,320,
25.01.2022 15:07:33,Фастфуд,267,
25.01.2022 16:17:56,Здоровье,270,
25.01.2022 16:49:02,Фастфуд,132,
25.01.2022 17:59:41,Продукты,286,
26.01.2022 17:55:21,Продукты,318,
27.01.2022 20:07:06,Фастфуд,550,
28.01.2022 17:57:45,Разное,500,
28.01.2022 17:57:56,Алик и фигня,300,
28.01.2022 18:27:00,Продукты,300,
29.01.2022 9:39:20,Здоровье,270,
29.01.2022 10:56:56,Фастфуд,160,
29.01.2022 10:58:30,Уход/Косметика,810,
29.01.2022 11:58:50,Тачка Бенз,1293,
29.01.2022 18:08:32,Фастфуд,227,
29.01.2022 18:15:15,Фастфуд,20,
30.01.2022 18:19:56,Продукты,236,
31.01.2022 21:18:22,Фастфуд,157,
01.02.2022 16:43:13,Продукты,796,
01.02.2022 16:44:15,Продукты,311,
01.02.2022 17:30:06,Алик и фигня,60,
01.02.2022 21:20:49,Продукты,214,
02.02.2022 11:55:02,Алик и фигня,96,
02.02.2022 14:13:48,Продукты,130,
02.02.2022 20:21:15,Продукты,133,
02.02.2022 20:48:32,Здоровье,81,
03.02.2022 12:59:26,Фастфуд,56,
03.02.2022 13:00:24,Здоровье,150,
03.02.2022 16:23:11,Продукты,410,
03.02.2022 16:23:58,Разное,320,
04.02.2022 21:31:50,Дом/Быт,1000,
04.02.2022 21:32:09,Алик и фигня,44,
05.02.2022 12:08:09,Продукты,1000,
05.02.2022 18:48:42,Алик и фигня,112,
06.02.2022 12:01:47,Продукты,500,
06.02.2022 12:02:03,Здоровье,143,
06.02.2022 12:02:19,Животные,314,
06.02.2022 13:44:07,Дом/Быт,1950,
06.02.2022 18:36:36,Продукты,161,
06.02.2022 18:36:55,Продукты,440,
06.02.2022 20:12:49,Продукты,113,
09.02.2022 14:07:38,Продукты,240,
09.02.2022 18:37:16,Продукты,320,
10.02.2022 18:33:49,Продукты,115,
12.02.2022 12:33:39,Разное,67,
12.02.2022 12:34:20,Продукты,648,
12.02.2022 13:11:48,Продукты,785,
12.02.2022 13:21:33,Здоровье,306,
12.02.2022 13:33:12,Фастфуд,240,
12.02.2022 19:33:08,Здоровье,551,
13.02.2022 15:54:12,Продукты,494,
14.02.2022 15:29:18,Здоровье,287,
14.02.2022 15:29:41,Продукты,400,
14.02.2022 15:29:55,Подарки Кому то,300,
15.02.2022 16:57:52,Алик и фигня,272,
15.02.2022 20:26:51,Животные,239,
15.02.2022 20:28:15,Животные,1230,
16.02.2022 13:58:21,Продукты,525,
16.02.2022 14:40:17,Животные,42,
16.02.2022 14:40:26,Продукты,265,
17.02.2022 21:02:01,Фастфуд,328,
18.02.2022 19:10:13,Продукты,180,
19.02.2022 12:06:29,Продукты,684,
19.02.2022 12:23:12,Подарки Кому то,560,
19.02.2022 12:47:51,Уход/Косметика,103,
19.02.2022 13:00:20,Фастфуд,273,
19.02.2022 15:35:25,Дом/Быт,230,
19.02.2022 19:56:18,Продукты,450,
19.02.2022 19:56:25,Алик и фигня,41,
21.02.2022 19:29:14,Продукты,510,
22.02.2022 18:51:41,Животные,317,
22.02.2022 18:51:51,Продукты,305,
22.02.2022 19:34:56,Животные,180,
23.02.2022 21:34:37,Тачка Бенз,1610,
03.05.2022 17:52:20,Продукты,401,
05.05.2022 9:33:16,Уход/Косметика,1489,
05.05.2022 9:33:31,Уход/Косметика,2070,
05.05.2022 9:34:11,Продукты,50,
05.05.2022 19:35:20,Фастфуд,418,
05.05.2022 19:35:47,Разное,815,
06.05.2022 15:33:07,Тачка ТО,400,
06.05.2022 17:45:14,Дом/Быт,53,
06.05.2022 17:45:49,Уход/Косметика,133,
07.05.2022 12:45:00,Тачка ТО,490,
07.05.2022 12:45:33,Продукты,231,
07.05.2022 12:59:14,Продукты,248,
07.05.2022 13:59:30,Дом/Быт,410,
07.05.2022 13:59:45,Дом/Быт,140,
07.05.2022 14:00:23,Продукты,163,
07.05.2022 14:00:36,Разное,65,
07.05.2022 14:00:48,Дом/Быт,250,
07.05.2022 14:01:28,Животные,760,
07.05.2022 14:14:16,Дом/Быт,243,
07.05.2022 14:23:49,Продукты,324,
08.05.2022 16:11:22,Разное,155,
09.05.2022 14:26:32,Разное,200,
09.05.2022 18:46:34,Продукты,238,
10.05.2022 16:13:39,Дом/Быт,325,
10.05.2022 16:13:55,Разное,175,
12.05.2022 14:47:51,Тачка ТО,200,
12.05.2022 15:30:38,Уход/Косметика,979,
12.05.2022 15:30:58,Разное,250,
12.05.2022 15:31:10,Фастфуд,120,
12.05.2022 20:37:02,Продукты,422,
13.05.2022 10:50:05,Комуналка,120,
13.05.2022 17:28:40,Фастфуд,125,
13.05.2022 17:28:55,Тачка ТО,55,
14.05.2022 11:03:25,Животные,1800,
14.05.2022 11:11:13,Продукты,437,
14.05.2022 11:24:15,Продукты,293,
15.05.2022 19:22:20,Фастфуд,193,
15.05.2022 19:22:41,Дом/Быт,1550,
15.05.2022 19:22:50,Тачка ТО,207,
17.05.2022 22:23:53,Фастфуд,405,
18.05.2022 18:47:37,Продукты,287,
19.05.2022 10:30:31,Разное,3133,
19.05.2022 21:12:08,Продукты,85,
19.05.2022 21:12:37,Фастфуд,62,
19.05.2022 21:12:55,Продукты,174,
19.05.2022 21:13:13,Одежда Обувь,30,
19.05.2022 21:13:35,Дом/Быт,117,
19.05.2022 21:14:03,Продукты,47,
19.05.2022 21:14:26,Продукты,596,
19.05.2022 21:14:44,Продукты,195,
19.05.2022 21:15:02,Дом/Быт,100,
19.05.2022 21:15:15,Дом/Быт,150,
19.05.2022 21:15:31,Продукты,66,
19.05.2022 21:15:46,Продукты,380,
19.05.2022 21:16:21,Дом/Быт,260,
19.05.2022 21:16:39,Дом/Быт,25,
19.05.2022 21:17:10,Продукты,50,
19.05.2022 21:17:23,Дом/Быт,140,
19.05.2022 21:18:01,Дом/Быт,45,
19.05.2022 21:18:25,Продукты,75,
19.05.2022 21:28:12,Продукты,52,
21.05.2022 11:57:25,Продукты,289,
21.05.2022 12:05:50,Продукты,89,
21.05.2022 12:06:01,Продукты,43,
21.05.2022 12:27:01,Дом/Быт,664,
21.05.2022 12:29:13,Дом/Быт,33,
21.05.2022 12:37:25,Животные,750,
21.05.2022 12:49:04,Продукты,263,
21.05.2022 16:59:12,Продукты,158,
23.05.2022 16:57:26,Разное,200,
23.05.2022 18:43:42,Фастфуд,200,
23.05.2022 19:19:48,Здоровье,88,
23.05.2022 19:53:29,Продукты,233,
23.05.2022 21:48:23,Продукты,250,
23.05.2022 21:48:41,Продукты,237,
23.05.2022 21:48:59,Разное,340,
24.05.2022 16:30:06,Разное,337,
24.05.2022 16:30:22,Разное,115,
24.05.2022 16:30:39,Дом/Быт,75,
24.05.2022 16:31:07,Фастфуд,98,
25.05.2022 19:14:05,Продукты,455,
26.05.2022 9:30:17,Животные,325,
26.05.2022 9:30:28,Дом/Быт,40,
26.05.2022 18:10:02,Здоровье,567,
26.05.2022 18:10:28,Здоровье,3300,
26.05.2022 18:10:46,Разное,75,
26.05.2022 19:41:37,Фастфуд,127,
27.05.2022 9:58:01,Уход/Косметика,1475,
28.05.2022 13:17:35,Животные,520,
28.05.2022 13:35:44,Продукты,375,
28.05.2022 14:02:34,Дом/Быт,87,
28.05.2022 14:18:55,Продукты,330,
28.05.2022 14:19:12,Дом/Быт,175,
28.05.2022 14:28:56,Фастфуд,222,
28.05.2022 17:57:29,Продукты,200,
29.05.2022 9:09:41,Животные,166,
29.05.2022 9:11:04,Продукты,502,
29.05.2022 9:12:43,Дом/Быт,78,
29.05.2022 19:17:16,Фастфуд,133,
30.05.2022 15:13:39,Разное,115,
30.05.2022 16:31:22,Одежда Обувь,1259,
30.05.2022 17:15:04,Уход/Косметика,265,
30.05.2022 17:15:58,Дом/Быт,171,
30.05.2022 17:16:31,Продукты,322,
30.05.2022 17:16:59,Фастфуд,90,
31.05.2022 12:56:20,Здоровье,169,
31.05.2022 13:04:23,Продукты,40,
31.05.2022 13:04:45,Дом/Быт,40,
01.06.2022 20:28:26,Фастфуд,84,
01.06.2022 20:28:32,Здоровье,100,
02.06.2022 18:43:51,Фастфуд,320,
02.06.2022 18:51:43,Комуналка,2340,
03.06.2022 20:55:02,Продукты,738,
04.06.2022 11:34:25,Дом/Быт,137,
04.06.2022 11:57:45,Дом/Быт,370,
04.06.2022 12:31:49,Продукты,490,
04.06.2022 12:54:52,Дом/Быт,590,
04.06.2022 12:55:01,Продукты,300,
04.06.2022 13:52:23,Фастфуд,147,
04.06.2022 13:52:42,Разное,650,
05.06.2022 16:26:37,Разное,105,
05.06.2022 16:26:45,Продукты,130,
06.06.2022 20:24:00,Здоровье,300,
06.06.2022 20:24:14,Здоровье,440,
07.06.2022 9:10:12,Продукты,398,
07.06.2022 9:10:26,Продукты,219,
07.06.2022 9:11:18,Здоровье,588,
07.06.2022 11:44:32,Животные,640,
07.06.2022 12:00:10,Фастфуд,88,
07.06.2022 12:00:21,Разное,66,
07.06.2022 12:01:02,Фастфуд,110,
07.06.2022 12:01:14,Разное,50,
07.06.2022 12:02:24,Комуналка,1959,
07.06.2022 12:07:16,Дом/Быт,25,
07.06.2022 12:56:59,Разное,200,
07.06.2022 18:16:44,Продукты,200,
07.06.2022 20:57:59,Разное,6550,
07.06.2022 20:58:45,Продукты,249,
07.06.2022 20:59:06,Фастфуд,86,
08.06.2022 13:23:34,Дом/Быт,94,
08.06.2022 19:13:22,Разное,100,
08.06.2022 19:13:31,Психотерапевт,500,
08.06.2022 20:29:27,Продукты,80,
09.06.2022 19:54:05,Фастфуд,110,
10.06.2022 15:20:43,Тачка Бенз,2000,
10.06.2022 21:29:05,Психотерапевт,1000,
11.06.2022 16:16:11,Продукты,266,
12.06.2022 14:56:04,Продукты,80,
13.06.2022 12:18:20,Здоровье,1100,
13.06.2022 12:39:00,Животные,460,
13.06.2022 12:49:33,Дом/Быт,327,
13.06.2022 13:04:06,Дом/Быт,273,
13.06.2022 13:20:54,Разное,368,
13.06.2022 13:51:17,Продукты,390,
13.06.2022 14:12:24,Дом/Быт,90,
13.06.2022 14:12:32,Продукты,50,
15.06.2022 19:10:56,Продукты,440,
16.06.2022 12:07:26,Фастфуд,30,
16.06.2022 12:07:52,Разное,450,
16.06.2022 12:23:16,Фастфуд,202,
16.06.2022 14:05:45,Здоровье,550,
16.06.2022 14:21:52,Здоровье,276,
16.06.2022 14:42:49,Одежда Обувь,1102,
16.06.2022 15:11:47,Подарки Кому то,1000,
16.06.2022 15:27:48,Уход/Косметика,1294,
16.06.2022 15:42:38,Продукты,1147,
16.06.2022 19:23:05,Продукты,333,
16.06.2022 19:33:32,Продукты,408,
19.06.2022 12:34:51,Животные,834,
19.06.2022 12:59:51,Продукты,902,
19.06.2022 13:00:29,Фастфуд,605,
19.06.2022 13:20:22,Продукты,550,
19.06.2022 18:13:33,Продукты,41,
20.06.2022 14:19:43,Здоровье,300,
20.06.2022 14:19:56,Продукты,115,
20.06.2022 14:20:10,Разное,400,
21.06.2022 15:13:06,Разное,500,
21.06.2022 15:13:16,Здоровье,680,
21.06.2022 15:15:45,Продукты,66,
23.06.2022 14:29:15,Продукты,183,
23.06.2022 14:29:28,Здоровье,33,
23.06.2022 14:38:06,Разное,620,
24.06.2022 19:54:58,Фастфуд,204,
25.06.2022 17:55:12,Разное,270,
26.06.2022 12:36:55,Дом/Быт,660,
26.06.2022 17:54:33,Продукты,610,
28.06.2022 18:16:56,Продукты,687,
28.06.2022 18:17:30,Разное,600,
28.06.2022 18:45:26,Продукты,550,
29.06.2022 12:25:00,Дом/Быт,325,
29.06.2022 12:25:38,Дом/Быт,95,
29.06.2022 12:26:05,Дом/Быт,95,
29.06.2022 12:26:38,Разное,200,
29.06.2022 12:27:01,Фастфуд,158,
29.06.2022 12:27:28,Продукты,393,
30.06.2022 11:20:33,Разное,358,
30.06.2022 18:41:42,Фастфуд,118,
03.07.2022 20:59:46,Продукты,240,
05.07.2022 12:41:00,Продукты,342,
05.07.2022 12:41:18,Продукты,508,
05.07.2022 12:41:26,Животные,1200,
05.07.2022 12:41:48,Продукты,188,
05.07.2022 12:42:19,Продукты,195,
05.07.2022 15:12:46,Комуналка,2400,
05.07.2022 15:13:01,Подарки Кому то,500,
05.07.2022 15:14:29,Комуналка,1225,
05.07.2022 15:14:39,Продукты,150,
05.07.2022 15:14:54,Продукты,110,
05.07.2022 15:15:10,Продукты,560,
05.07.2022 15:15:23,Разное,26,
05.07.2022 18:56:42,Продукты,370,
05.07.2022 19:10:44,Продукты,500,
05.07.2022 19:16:38,Продукты,105,
06.07.2022 13:07:51,Дом/Быт,700,
06.07.2022 14:01:45,Дом/Быт,230,
06.07.2022 14:02:01,Дом/Быт,1110,
06.07.2022 14:02:10,Здоровье,200,
06.07.2022 14:03:12,Дом/Быт,191,
06.07.2022 20:07:01,Продукты,353,
07.07.2022 23:26:16,Разное,200,
07.07.2022 23:26:29,Дом/Быт,60,
07.07.2022 23:27:01,Здоровье,845,
07.07.2022 23:27:12,Продукты,60,
07.07.2022 23:27:37,Разное,250,
08.07.2022 19:00:15,Фастфуд,201,
09.07.2022 12:38:51,Животные,900,
09.07.2022 15:05:48,Фастфуд,560,
10.07.2022 12:44:21,Разное,750,
10.07.2022 12:44:35,Фастфуд,100,
10.07.2022 12:44:47,Дом/Быт,20,
10.07.2022 15:38:58,Продукты,380,
11.07.2022 0:09:45,Дом/Быт,122,
11.07.2022 0:09:55,Продукты,268,
11.07.2022 0:10:15,Здоровье,99,
11.07.2022 19:49:26,Продукты,228,
11.07.2022 21:51:03,Продукты,52,
11.07.2022 21:51:30,Продукты,85,
11.07.2022 21:51:40,Продукты,85,
11.07.2022 21:51:51,Дом/Быт,20,
11.07.2022 21:53:11,Продукты,495,
12.07.2022 13:28:32,Дом/Быт,854,
12.07.2022 13:46:39,Дом/Быт,479,
13.07.2022 21:17:55,Фастфуд,130,
14.07.2022 7:12:53,Продукты,263,
17.07.2022 16:14:30,Продукты,514,
17.07.2022 16:15:23,Продукты,1000,
17.07.2022 16:16:07,Здоровье,13000,
17.07.2022 16:17:13,Разное,600,
18.07.2022 21:30:25,Фастфуд,420,
19.07.2022 9:14:02,Разное,148,
19.07.2022 9:14:25,Продукты,160,
19.07.2022 9:14:35,Разное,400,
19.07.2022 13:43:17,Дом/Быт,350,
19.07.2022 13:43:31,Животные,1890,
19.07.2022 22:17:07,Продукты,212,
19.07.2022 22:28:35,Дом/Быт,350,
20.07.2022 19:51:46,Дом/Быт,120,
20.07.2022 19:51:56,Тачка ТО,60,
20.07.2022 19:52:05,Продукты,424,
22.07.2022 19:20:40,Здоровье,213,
22.07.2022 19:20:53,Продукты,344,
22.07.2022 19:34:14,Продукты,390,
22.07.2022 19:34:27,Продукты,138,
22.07.2022 19:37:53,Тачка ТО,800,
22.07.2022 19:38:17,Одежда Обувь,2800,
22.07.2022 19:39:24,Продукты,425,
24.07.2022 13:02:51,Продукты,436,
24.07.2022 13:18:36,Продукты,255,
24.07.2022 13:25:06,Продукты,43,
24.07.2022 13:30:53,Продукты,125,
25.07.2022 15:49:38,Разное,990,
25.07.2022 18:32:42,Продукты,177,
26.07.2022 9:23:15,Разное,240,
26.07.2022 10:41:37,Дом/Быт,1195,
27.07.2022 12:33:46,Дом/Быт,160,
27.07.2022 12:34:04,Здоровье,2000,
27.07.2022 12:34:31,Дом/Быт,156,
27.07.2022 13:10:15,Дом/Быт,276,
27.07.2022 21:52:13,Фастфуд,530,
28.07.2022 17:55:45,Продукты,392,
28.07.2022 17:58:04,Разное,2000,
29.07.2022 10:23:04,Разное,400,
29.07.2022 12:32:15,Здоровье,162,
29.07.2022 12:52:41,Уход/Косметика,355,
29.07.2022 17:51:49,Разное,200,
29.07.2022 17:51:58,Уход/Косметика,1280,
29.07.2022 17:52:10,Дом/Быт,135,
29.07.2022 17:52:33,Продукты,147,
29.07.2022 17:52:45,Дом/Быт,200,
29.07.2022 18:35:22,Продукты,480,
29.07.2022 18:35:38,Фастфуд,395,
29.07.2022 19:01:41,Продукты,150,
30.07.2022 13:18:05,Дом/Быт,304,
30.07.2022 13:18:30,Животные,660,
30.07.2022 14:00:28,Дом/Быт,206,
30.07.2022 20:52:31,Продукты,500,
30.07.2022 20:52:53,Подарки Кому то,600,
01.08.2022 0:20:10,Фастфуд,175,
02.08.2022 12:48:53,Уход/Косметика,2985,
02.08.2022 13:46:36,Фастфуд,200,
02.08.2022 17:28:11,Дом/Быт,290,
02.08.2022 17:31:32,Дом/Быт,117,
02.08.2022 17:51:42,Продукты,198,
02.08.2022 17:52:01,Продукты,270,
03.08.2022 17:22:14,Дом/Быт,400,
03.08.2022 21:32:05,Продукты,369,
04.08.2022 9:52:17,Дом/Быт,292,
04.08.2022 21:59:17,Дом/Быт,124,
04.08.2022 21:59:30,Разное,200,
04.08.2022 21:59:44,Уход/Косметика,66,
04.08.2022 22:05:55,Продукты,70,
05.08.2022 14:20:44,Дом/Быт,469,
06.08.2022 0:53:39,Алик и фигня,200,
06.08.2022 13:29:07,Продукты,860,
06.08.2022 13:40:33,Дом/Быт,449,
06.08.2022 14:13:03,Дом/Быт,324,
06.08.2022 14:19:30,Дом/Быт,145,
06.08.2022 14:26:29,Дом/Быт,66,
06.08.2022 14:47:54,Продукты,227,
07.08.2022 10:58:40,Животные,400,
07.08.2022 15:13:06,Продукты,249,
07.08.2022 16:38:07,Одежда Обувь,500,
07.08.2022 18:05:59,Продукты,114,
07.08.2022 19:45:16,Продукты,200,
07.08.2022 23:28:38,Алик и фигня,350,
08.08.2022 14:03:52,Алик и фигня,54,
08.08.2022 15:37:46,Тачка Бенз,2059,
10.08.2022 14:12:24,Алик и фигня,223,
11.08.2022 12:25:26,Алик и фигня,223,
11.08.2022 15:48:49,Продукты,93,
11.08.2022 15:49:00,Продукты,51,
11.08.2022 15:49:13,Продукты,120,
11.08.2022 15:49:29,Продукты,71,
11.08.2022 15:49:42,Разное,200,
11.08.2022 19:57:52,Фастфуд,300,
11.08.2022 21:10:33,Фастфуд,35,
12.08.2022 13:35:02,Фастфуд,603,
12.08.2022 13:35:15,Разное,170,
12.08.2022 14:45:16,Фастфуд,50,
12.08.2022 14:45:25,Дом/Быт,1250,
12.08.2022 19:43:51,Здоровье,342,
12.08.2022 23:02:04,Здоровье,11600,
12.08.2022 23:02:28,Фастфуд,406,
12.08.2022 23:02:53,Фастфуд,100,
13.08.2022 10:21:26,Продукты,247,
13.08.2022 13:40:44,Фастфуд,212,
14.08.2022 14:44:18,Одежда Обувь,690,
14.08.2022 14:45:55,Продукты,2300,
15.08.2022 18:17:10,Продукты,466,
16.08.2022 18:54:14,Животные,360,
19.08.2022 14:39:39,Алик и фигня,340,
20.08.2022 20:09:54,Животные,300,
20.08.2022 20:10:13,Уход/Косметика,199,
20.08.2022 20:10:25,Продукты,218,
20.08.2022 20:10:35,Фастфуд,139,
20.08.2022 20:10:48,Разное,377,
20.08.2022 20:10:56,Животные,440,
20.08.2022 20:11:04,Продукты,155,
20.08.2022 20:11:16,Здоровье,262,
20.08.2022 20:11:33,Продукты,298,
20.08.2022 20:11:52,Продукты,166,
20.08.2022 20:12:05,Здоровье,485,
20.08.2022 20:12:22,Разное,135,
20.08.2022 20:12:40,Разное,340,
20.08.2022 20:13:05,Продукты,311,
20.08.2022 20:13:17,Продукты,110,
20.08.2022 20:13:27,Здоровье,227,
20.08.2022 20:13:36,Фастфуд,128,
20.08.2022 20:13:52,Дом/Быт,135,
20.08.2022 20:14:03,Разное,92,
20.08.2022 20:14:19,Разное,179,
20.08.2022 20:14:29,Уход/Косметика,606,
20.08.2022 20:14:52,Разное,400,
20.08.2022 20:15:30,Фастфуд,324,
21.08.2022 17:28:06,Продукты,582,
21.08.2022 17:28:31,Продукты,870,
21.08.2022 17:28:55,Здоровье,150,
24.08.2022 17:43:30,Здоровье,407,
24.08.2022 17:43:57,Разное,200,
25.08.2022 10:13:09,Продукты,150,
25.08.2022 10:13:18,Тачка ТО,300,
25.08.2022 20:57:45,Фастфуд,534,
25.08.2022 21:14:49,Фастфуд,50,
25.08.2022 21:15:52,Продукты,261,
26.08.2022 12:58:04,Алик и фигня,223,
26.08.2022 14:50:50,Разное,400,
26.08.2022 14:51:09,Разное,140,
26.08.2022 14:51:22,Разное,80,
26.08.2022 14:51:43,Фастфуд,151,
26.08.2022 14:52:15,Дом/Быт,213,
27.08.2022 8:09:51,Дом/Быт,77,
27.08.2022 8:10:19,Дом/Быт,124,
27.08.2022 8:10:50,Дом/Быт,180,
27.08.2022 8:11:17,Продукты,140,
27.08.2022 8:11:36,Здоровье,200,
27.08.2022 11:40:24,Животные,2970,
27.08.2022 11:40:44,Дом/Быт,140,
27.08.2022 11:40:58,Разное,150,
27.08.2022 11:48:38,Подарки Кому то,9100,
27.08.2022 12:11:00,Дом/Быт,234,
27.08.2022 12:21:36,Одежда Обувь,112,
27.08.2022 12:39:14,Продукты,339,
27.08.2022 12:56:04,Дом/Быт,190,
27.08.2022 14:01:29,Фастфуд,72,
27.08.2022 14:01:40,Разное,400,
27.08.2022 23:07:42,Алик и фигня,136,
28.08.2022 15:36:53,Продукты,300,
28.08.2022 15:37:06,Дом/Быт,176,
28.08.2022 15:37:22,Животные,2340,
28.08.2022 20:51:29,Фастфуд,285,
28.08.2022 22:03:03,Алик и фигня,110,
30.08.2022 10:02:48,Разное,400,
30.08.2022 10:03:03,Разное,100,
30.08.2022 10:03:34,Фастфуд,115,
30.08.2022 10:13:28,Продукты,230,
30.08.2022 20:32:14,Продукты,297,
30.08.2022 20:41:26,Фастфуд,326,
31.08.2022 22:40:05,Алик и фигня,198,
01.09.2022 16:19:49,Разное,1000,
02.09.2022 20:46:33,Фастфуд,672,
02.09.2022 20:46:50,Тачка Бенз,489,
03.09.2022 10:48:09,Разное,200,
03.09.2022 10:48:19,Животные,750,
03.09.2022 12:00:55,Дом/Быт,100,
03.09.2022 12:01:06,Продукты,100,
03.09.2022 12:01:16,Тачка ТО,40,
03.09.2022 12:01:26,Продукты,23,
03.09.2022 12:37:38,Продукты,445,
03.09.2022 13:03:16,Дом/Быт,217,
03.09.2022 13:33:31,Продукты,300,
03.09.2022 20:36:44,Продукты,160,
05.09.2022 9:41:03,Животные,265,
05.09.2022 9:41:16,Уход/Косметика,230,
05.09.2022 9:54:33,Комуналка,3166,
05.09.2022 9:54:49,Необходимые крупные покупки,42000,
05.09.2022 17:08:07,Разное,300,
05.09.2022 17:08:19,Комуналка,300,
06.09.2022 9:00:13,Продукты,182,
06.09.2022 9:00:35,Фастфуд,128,
06.09.2022 14:45:53,Разное,300,
07.09.2022 10:56:32,Алик и фигня,223,
07.09.2022 10:56:42,Алик и фигня,223,
07.09.2022 15:36:06,Разное,800,
07.09.2022 23:34:46,Продукты,500,
07.09.2022 23:49:07,Разное,800,
07.09.2022 23:49:42,Разное,306,
07.09.2022 23:49:52,Психотерапевт,500,
07.09.2022 23:50:36,Продукты,337,
07.09.2022 23:51:14,Фастфуд,91,
08.09.2022 15:18:45,Разное,100,
08.09.2022 15:19:00,Здоровье,551,
08.09.2022 17:07:04,Фастфуд,108,
09.09.2022 17:56:07,Животные,193,
10.09.2022 11:09:00,Дом/Быт,249,
10.09.2022 11:09:10,Разное,70,
10.09.2022 12:31:07,Продукты,559,
10.09.2022 12:31:15,Дом/Быт,200,
10.09.2022 18:47:05,Продукты,114,
11.09.2022 20:49:41,Продукты,520,
13.09.2022 13:30:43,Продукты,629,
13.09.2022 13:31:01,Разное,430,
13.09.2022 20:35:39,Продукты,277,
13.09.2022 20:43:36,Продукты,258,
13.09.2022 22:58:07,Разное,300,
13.09.2022 22:58:27,Продукты,400,
13.09.2022 22:59:05,Дом/Быт,101,
13.09.2022 22:59:33,Фастфуд,105,
13.09.2022 23:03:27,Одежда Обувь,450,
14.09.2022 15:17:03,Продукты,155,
15.09.2022 17:48:14,Дом/Быт,307,
16.09.2022 11:14:02,Необходимые крупные покупки,6500,
16.09.2022 16:00:02,Фастфуд,223,
16.09.2022 16:00:14,Одежда Обувь,50,
16.09.2022 16:00:28,Одежда Обувь,404,
16.09.2022 19:07:54,Продукты,615,
16.09.2022 19:58:53,Дом/Быт,934,
16.09.2022 19:59:01,Фастфуд,80,
16.09.2022 19:59:26,Фастфуд,50,
16.09.2022 19:59:48,Продукты,25,
16.09.2022 20:00:22,Уход/Косметика,389,
16.09.2022 20:00:53,Разное,148,
17.09.2022 14:53:57,Продукты,229,
17.09.2022 16:44:17,Животные,1939,
17.09.2022 16:58:15,Продукты,328,
17.09.2022 22:46:13,Алик и фигня,218,
18.09.2022 13:46:39,Продукты,63,
18.09.2022 17:32:35,Продукты,577,
19.09.2022 19:47:20,Продукты,494,
19.09.2022 22:00:45,Продукты,156,
19.09.2022 22:01:03,Продукты,130,
19.09.2022 22:02:10,Психотерапевт,500,
20.09.2022 14:37:47,Здоровье,294,
20.09.2022 14:38:04,Здоровье,3720,
20.09.2022 14:56:27,Комуналка,250,
20.09.2022 16:56:44,Продукты,193,
20.09.2022 18:06:09,Продукты,616,
21.09.2022 13:52:24,Алик и фигня,780,
21.09.2022 20:24:45,Уход/Косметика,760,
21.09.2022 20:25:30,Дом/Быт,150,
21.09.2022 20:56:41,Продукты,240,
22.09.2022 15:42:27,Разное,1062,
22.09.2022 19:03:06,Продукты,520,
24.09.2022 13:26:05,Продукты,432,
24.09.2022 13:44:33,Продукты,613,
24.09.2022 14:03:07,Продукты,1010,
24.09.2022 14:15:13,Продукты,170,
24.09.2022 14:29:33,Дом/Быт,278,
24.09.2022 14:35:44,Дом/Быт,66,
24.09.2022 14:59:15,Тачка Бенз,840,
24.09.2022 15:16:14,Животные,319,
24.09.2022 15:32:40,Дом/Быт,425,
24.09.2022 15:35:23,Дом/Быт,570,
28.09.2022 14:32:19,Здоровье,250,
28.09.2022 14:32:58,Разное,100,
28.09.2022 14:33:53,Продукты,609,
28.09.2022 14:34:20,Продукты,200,
28.09.2022 15:31:03,Продукты,533,
28.09.2022 21:34:58,Уход/Косметика,4016,
28.09.2022 21:35:39,Продукты,630,
29.09.2022 20:27:43,Подарки Кому то,395,
30.09.2022 18:44:22,Продукты,213,
30.09.2022 21:48:23,Продукты,410,
30.09.2022 21:48:42,Разное,80,
30.09.2022 21:49:38,Фастфуд,207,
30.09.2022 21:50:43,Продукты,62,
30.09.2022 21:53:29,Дом/Быт,433,
30.09.2022 21:55:37,Продукты,55,
01.10.2022 12:23:19,Здоровье,680,
01.10.2022 12:25:06,Дом/Быт,144,
01.10.2022 12:27:51,Дом/Быт,77,
01.10.2022 13:21:26,Продукты,214,
01.10.2022 13:35:18,Продукты,50,
02.10.2022 9:24:25,Продукты,338,
02.10.2022 10:36:29,Продукты,230,
02.10.2022 15:16:25,Разное,500,
02.10.2022 20:49:02,Необходимые крупные покупки,17000,
02.10.2022 21:40:15,Продукты,430,
03.10.2022 8:10:28,Фастфуд,390,
03.10.2022 16:07:42,Дом/Быт,1370,
03.10.2022 16:08:10,Разное,126,
03.10.2022 16:08:31,Здоровье,603,
04.10.2022 19:14:09,Фастфуд,263,
04.10.2022 19:14:28,Дом/Быт,258,
04.10.2022 19:15:01,Здоровье,661,
04.10.2022 21:55:14,Здоровье,1159,
04.10.2022 22:04:31,Разное,230,
05.10.2022 11:26:35,Фастфуд,400,
05.10.2022 11:26:43,Здоровье,1050,
05.10.2022 11:26:51,Одежда Обувь,550,
05.10.2022 13:39:58,Дом/Быт,336,
05.10.2022 13:40:15,Дом/Быт,484,
05.10.2022 13:40:53,Продукты,967,
05.10.2022 17:57:23,Дом/Быт,220,
05.10.2022 18:49:46,Здоровье,16,
05.10.2022 18:52:27,Продукты,65,
05.10.2022 18:53:06,Продукты,230,
05.10.2022 22:31:17,Разное,500,
05.10.2022 23:07:26,Дом/Быт,192,
06.10.2022 9:20:39,Продукты,60,
06.10.2022 9:21:17,Здоровье,714,
06.10.2022 21:16:21,Фастфуд,140,
06.10.2022 21:16:53,Фастфуд,224,
08.10.2022 21:26:56,Здоровье,1314,
08.10.2022 21:27:23,Здоровье,185,
08.10.2022 21:27:57,Продукты,120,
08.10.2022 21:28:22,Одежда Обувь,499,
08.10.2022 21:28:54,Продукты,87,
08.10.2022 21:29:07,Фастфуд,135,
08.10.2022 21:29:32,Разное,200,
08.10.2022 21:30:16,Фастфуд,295,
11.10.2022 14:23:53,Продукты,699,
11.10.2022 14:24:08,Продукты,76,
11.10.2022 15:01:42,Дом/Быт,250,
11.10.2022 19:11:21,Здоровье,2597,
11.10.2022 19:12:07,Продукты,76,
11.10.2022 19:12:24,Психотерапевт,500,
11.10.2022 19:31:43,Продукты,696,
12.10.2022 13:59:46,Здоровье,1870,
13.10.2022 15:06:21,Здоровье,972,
13.10.2022 19:39:34,Одежда Обувь,5032,
13.10.2022 20:04:20,Животные,2000,
13.10.2022 20:04:27,Продукты,160,
13.10.2022 20:04:36,Здоровье,1000,
14.10.2022 17:42:50,Продукты,637,
14.10.2022 17:43:16,Продукты,324,
14.10.2022 17:43:40,Здоровье,737,
14.10.2022 17:43:51,Здоровье,781,
14.10.2022 17:44:14,Дом/Быт,218,
14.10.2022 17:44:28,Продукты,249,
14.10.2022 17:44:38,Разное,70,
15.10.2022 13:33:09,Продукты,494,
15.10.2022 13:33:42,Здоровье,239,
15.10.2022 16:08:02,Алик и фигня,800,
15.10.2022 17:43:07,Здоровье,394,
16.10.2022 12:11:24,Дом/Быт,180,
16.10.2022 12:11:33,Продукты,160,
16.10.2022 12:11:51,Дом/Быт,120,
19.10.2022 17:30:46,Животные,870,
19.10.2022 19:19:39,Психотерапевт,500,
19.10.2022 19:19:57,Разное,700,
20.10.2022 9:54:36,Здоровье,12650,
21.10.2022 14:16:13,Продукты,1081,
21.10.2022 14:16:25,Здоровье,613,
21.10.2022 14:57:09,Разное,736,
21.10.2022 15:58:11,Здоровье,550,
21.10.2022 16:00:09,Комуналка,150,
21.10.2022 22:52:36,Одежда Обувь,167,
21.10.2022 22:52:43,Продукты,100,
21.10.2022 22:52:55,Разное,210,
22.10.2022 15:53:27,Алик и фигня,912,
23.10.2022 22:08:45,Фастфуд,950,
24.10.2022 13:17:47,Продукты,720,
24.10.2022 13:17:54,Продукты,405,
24.10.2022 13:18:02,Дом/Быт,170,
24.10.2022 22:50:34,Алик и фигня,200,
24.10.2022 22:50:44,Дом/Быт,216,
26.10.2022 21:52:27,Психотерапевт,500,
26.10.2022 21:55:04,Дом/Быт,118,
26.10.2022 21:55:12,Здоровье,600,
26.10.2022 21:55:55,Продукты,997,
27.10.2022 18:56:00,Продукты,660,
29.10.2022 20:44:21,Фастфуд,430,
29.10.2022 20:45:12,Продукты,420,
29.10.2022 20:45:39,Одежда Обувь,1050,
29.10.2022 21:11:19,Алик и фигня,1544,
30.10.2022 16:39:15,Фастфуд,154,
30.10.2022 16:39:31,Тачка ТО,1930,
01.11.2022 18:23:07,Продукты,1135,
01.11.2022 18:34:00,Продукты,385,
01.11.2022 22:46:58,Алик и фигня,250,
02.11.2022 16:22:16,Алик и фигня,281,
02.11.2022 17:56:24,Подарки Кому то,640,
03.11.2022 15:43:40,Здоровье,1300,
03.11.2022 15:44:04,Продукты,603,
03.11.2022 15:44:23,Одежда Обувь,450,
03.11.2022 15:44:54,Разное,198,
03.11.2022 15:45:07,Здоровье,389,
03.11.2022 15:45:36,Продукты,560,
03.11.2022 15:46:04,Здоровье,245,
04.11.2022 14:02:38,Дом/Быт,761,
04.11.2022 14:16:04,Уход/Косметика,380,
04.11.2022 14:16:22,Продукты,100,
05.11.2022 16:59:04,Фастфуд,1100,
05.11.2022 16:59:15,Дом/Быт,500,
05.11.2022 16:59:30,Разное,200,
05.11.2022 16:59:40,Подарки Кому то,700,
06.11.2022 18:55:35,Фастфуд,584,
07.11.2022 20:22:04,Продукты,240,
08.11.2022 8:43:56,Комуналка,4030,
09.11.2022 13:47:21,Подарки Кому то,660,
09.11.2022 13:54:50,Разное,340,
09.11.2022 22:05:29,Продукты,1359,
09.11.2022 22:05:39,Комуналка,150,
09.11.2022 22:05:51,Дом/Быт,180,
09.11.2022 22:07:02,Фастфуд,318,
09.11.2022 22:10:39,Животные,1282,
09.11.2022 22:17:58,Дом/Быт,441,
09.11.2022 22:19:15,Продукты,200,
10.11.2022 18:25:01,Подарки Кому то,13300,
10.11.2022 18:35:43,Продукты,465,
10.11.2022 23:16:43,Разное,700,
11.11.2022 11:31:38,Здоровье,467,
11.11.2022 12:42:34,Дом/Быт,107,
11.11.2022 17:40:36,Уход/Косметика,450,
11.11.2022 17:40:57,Разное,168,
11.11.2022 17:41:33,Продукты,489,
12.11.2022 12:48:23,Дом/Быт,817,
12.11.2022 13:32:13,Дом/Быт,977,
12.11.2022 13:56:25,Фастфуд,420,
12.11.2022 15:01:18,Здоровье,1096,
12.11.2022 15:11:33,Здоровье,590,
12.11.2022 15:22:42,Дом/Быт,379,
12.11.2022 16:30:24,Дом/Быт,562,
12.11.2022 16:37:45,Животные,2446,
12.11.2022 17:03:02,Продукты,717,
13.11.2022 17:17:00,Тачка Бенз,1925,
13.11.2022 17:35:05,Продукты,572,
14.11.2022 14:20:24,Дом/Быт,159,
14.11.2022 14:21:23,Дом/Быт,326,
15.11.2022 12:09:17,Дом/Быт,110,
15.11.2022 20:37:44,Продукты,397,
15.11.2022 21:12:03,Подарки Кому то,800,
15.11.2022 21:12:45,Подарки Кому то,1,
15.11.2022 22:02:36,Здоровье,365,
16.11.2022 20:33:59,Продукты,575,
16.11.2022 20:36:33,Продукты,309,
16.11.2022 20:37:07,Дом/Быт,2957,
16.11.2022 20:37:27,Разное,134,
16.11.2022 20:37:40,Дом/Быт,355,
16.11.2022 20:37:48,Животные,100,
16.11.2022 20:37:57,Животные,650,
17.11.2022 22:20:37,Продукты,685,
18.11.2022 15:36:59,Подарки Кому то,1400,
18.11.2022 19:55:09,Психотерапевт,200,
18.11.2022 20:20:26,Продукты,517,
19.11.2022 10:23:42,Дом/Быт,415,
19.11.2022 11:54:24,Дом/Быт,177,
19.11.2022 12:05:25,Дом/Быт,65,
19.11.2022 12:20:51,Здоровье,40,
19.11.2022 12:21:00,Животные,300,
19.11.2022 16:35:25,Животные,150,
19.11.2022 16:35:43,Продукты,701,
19.11.2022 16:36:26,Продукты,581,
19.11.2022 16:50:10,Разное,45,
19.11.2022 20:19:39,Продукты,86,
19.11.2022 20:30:57,Фастфуд,160,
20.11.2022 7:10:51,Продукты,133,
20.11.2022 11:12:50,Дом/Быт,750,
20.11.2022 11:40:23,Одежда Обувь,1600,
21.11.2022 12:08:13,Здоровье,11770,
21.11.2022 14:15:15,Дом/Быт,1200,
22.11.2022 15:04:04,Уход/Косметика,3079,
22.11.2022 23:42:54,Подарки Кому то,230,
22.11.2022 23:43:06,Фастфуд,405,
26.11.2022 13:07:08,Подарки Кому то,1200,
26.11.2022 14:24:57,Дом/Быт,990,
26.11.2022 14:33:56,Дом/Быт,100,
26.11.2022 14:38:53,Продукты,304,
26.11.2022 15:07:34,Дом/Быт,500,
26.11.2022 15:07:55,Одежда Обувь,800,
26.11.2022 15:14:12,Дом/Быт,297,
26.11.2022 15:45:34,Продукты,2330,
26.11.2022 16:05:25,Продукты,430,
26.11.2022 16:23:04,Продукты,240,
26.11.2022 16:37:37,Продукты,1777,
26.11.2022 16:39:16,Здоровье,511,
26.11.2022 16:39:43,Животные,540,
27.11.2022 13:24:59,Продукты,303,
28.11.2022 18:57:42,Дом/Быт,88,
28.11.2022 18:58:09,Продукты,131,
28.11.2022 18:58:29,Продукты,627,
28.11.2022 19:00:09,Животные,850,
28.11.2022 19:00:22,Продукты,1000,
28.11.2022 19:40:32,Фастфуд,534,
29.11.2022 19:20:51,Тачка ТО,4100,
01.12.2022 1:13:09,Алик и фигня,1600,
01.12.2022 1:14:10,Необходимые крупные покупки,0,
01.12.2022 17:06:05,Необходимые крупные покупки,2800,
01.12.2022 17:49:38,Одежда Обувь,451,
01.12.2022 19:31:01,Уход/Косметика,324,
04.12.2022 17:01:24,Продукты,1037,
04.12.2022 17:01:51,Фастфуд,300,
05.12.2022 14:04:55,Тачка ТО,1100,
05.12.2022 14:05:02,Алик и фигня,340,
05.12.2022 20:54:52,Фастфуд,545,
07.12.2022 14:35:03,Необходимые крупные покупки,12055,
07.12.2022 19:46:31,Здоровье,740,
08.12.2022 18:50:34,Продукты,460,
08.12.2022 18:50:50,Дом/Быт,660,
09.12.2022 11:31:31,Дом/Быт,88,
09.12.2022 11:31:57,Одежда Обувь,250,
09.12.2022 11:32:10,Дом/Быт,75,
09.12.2022 11:32:27,Продукты,1008,
09.12.2022 11:32:54,Продукты,100,
09.12.2022 11:33:12,Дом/Быт,85,
09.12.2022 11:33:27,Разное,60,
09.12.2022 11:33:46,Продукты,173,
09.12.2022 11:34:02,Продукты,44,
09.12.2022 11:34:21,Дом/Быт,331,
09.12.2022 21:12:27,Дом/Быт,4000,
10.12.2022 13:33:33,Дом/Быт,3077,
10.12.2022 14:01:38,Фастфуд,480,
10.12.2022 15:16:30,Разное,600,
10.12.2022 15:58:37,Тачка Бенз,3544,
10.12.2022 16:38:54,Продукты,560,
10.12.2022 16:49:27,Продукты,320,
11.12.2022 13:26:55,Дом/Быт,3625,
11.12.2022 13:48:14,Продукты,644.20,
11.12.2022 13:48:34,Фастфуд,109.10,
11.12.2022 19:34:12,Продукты,613,
12.12.2022 19:27:56,Подарки Кому то,2000,
13.12.2022 10:40:22,Необходимые крупные покупки,12000,
13.12.2022 18:38:27,Продукты,220,
16.12.2022 12:41:34,Алик и фигня,500,
16.12.2022 12:41:44,Подарки Кому то,1000,
17.12.2022 10:09:58,Продукты,240,
17.12.2022 10:10:13,Дом/Быт,250,
17.12.2022 10:10:31,Продукты,115,
17.12.2022 10:34:23,Дом/Быт,250,
17.12.2022 10:34:33,Подарки Кому то,500,
17.12.2022 14:01:43,Подарки Кому то,442,
17.12.2022 14:18:14,Фастфуд,445,
17.12.2022 15:48:39,Продукты,2221,
18.12.2022 9:55:44,Уход/Косметика,1901,
18.12.2022 9:56:02,Подарки Кому то,350,
18.12.2022 13:18:47,Животные,2800,
18.12.2022 16:00:16,Подарки Кому то,3600,
18.12.2022 16:00:30,Подарки Кому то,1400,
18.12.2022 16:00:41,Разное,1400,
18.12.2022 16:00:59,Фастфуд,320,
18.12.2022 22:00:37,Дом/Быт,1117,
19.12.2022 13:36:43,Алик и фигня,428,
19.12.2022 23:19:03,Дом/Быт,118,
19.12.2022 23:19:25,Продукты,1388,
19.12.2022 23:20:17,Подарки Кому то,275,
19.12.2022 23:20:57,Дом/Быт,350,
19.12.2022 23:28:19,Продукты,382,
21.12.2022 12:54:49,Подарки Кому то,285,
21.12.2022 15:38:28,Продукты,460,
21.12.2022 17:51:41,Продукты,440,
22.12.2022 19:09:45,Фастфуд,265,
23.12.2022 8:03:28,Разное,120,
23.12.2022 8:03:34,Фастфуд,175,
23.12.2022 12:15:25,Фастфуд,45,
23.12.2022 15:00:59,Дом/Быт,486,
23.12.2022 16:17:35,Дом/Быт,750,
23.12.2022 16:36:40,Фастфуд,133,
23.12.2022 16:39:39,Фастфуд,450,
23.12.2022 16:39:49,Разное,400,
23.12.2022 20:31:33,Фастфуд,560,
23.12.2022 23:59:32,Дом/Быт,400,
24.12.2022 14:22:38,Продукты,470,
24.12.2022 14:22:50,Животные,940,
24.12.2022 14:23:03,Животные,256,
24.12.2022 20:06:59,Продукты,1358,
24.12.2022 20:09:25,Подарки Кому то,173,
24.12.2022 20:09:58,Подарки Кому то,539,
24.12.2022 20:11:00,Подарки Кому то,647,
24.12.2022 20:11:21,Подарки Кому то,80,
24.12.2022 20:11:40,Разное,117,
27.12.2022 13:38:16,Продукты,495,
27.12.2022 13:38:39,Подарки Кому то,458,
27.12.2022 13:38:55,Дом/Быт,86,
28.12.2022 14:25:34,Разное,2500,
28.12.2022 14:25:45,Алик и фигня,400,
28.12.2022 17:57:59,Необходимые крупные покупки,25900,
28.12.2022 17:58:09,Необходимые крупные покупки,22000,
28.12.2022 17:58:22,Фастфуд,480,
28.12.2022 21:10:37,Тачка Бенз,1560,
29.12.2022 12:50:19,Дом/Быт,628,
29.12.2022 19:06:03,Продукты,266,
29.12.2022 19:06:28,Продукты,93,
29.12.2022 19:06:50,Подарки Кому то,120,
29.12.2022 19:07:05,Подарки Кому то,1065,
29.12.2022 19:07:22,Дом/Быт,1110,
29.12.2022 19:07:52,Продукты,356,
29.12.2022 19:08:07,Продукты,360,
29.12.2022 19:08:33,Продукты,343,
30.12.2022 17:03:08,Одежда Обувь,2350,
30.12.2022 17:03:24,Алик и фигня,335,
30.12.2022 21:39:51,Алик и фигня,304,
31.12.2022 13:29:50,Дом/Быт,886,
31.12.2022 13:29:59,Дом/Быт,107,
31.12.2022 14:02:26,Продукты,1390,
31.12.2022 18:54:41,Подарки Кому то,380,
02.01.2023 18:03:45,Подарки Кому то,350,
03.01.2023 10:39:50,Комуналка,7852,Комуналка за 2 мес
03.01.2023 12:36:38,Разное,2800,Бухгалтерские услуги
03.01.2023 18:26:50,Продукты,652,
03.01.2023 23:35:43,Подарки Кому то,950,
03.01.2023 23:36:55,Личное развитие,320,
04.01.2023 12:32:12,Алик и фигня,3950,Измерительные приборы
04.01.2023 12:32:44,Комуналка,2880,Старлинк интернет
04.01.2023 17:52:37,Фастфуд,267,
04.01.2023 17:52:48,Дом/Быт,350,
04.01.2023 17:59:11,Разное,70,
05.01.2023 13:45:38,Алик и фигня,223,
05.01.2023 16:25:45,Продукты,953,
05.01.2023 16:25:56,Дом/Быт,290,
05.01.2023 16:26:34,Дом/Быт,159,
05.01.2023 18:50:06,Фастфуд,181,
06.01.2023 12:08:17,Алик и фигня,372,
06.01.2023 12:08:28,Разное,155,
06.01.2023 16:49:28,Дом/Быт,890,
06.01.2023 17:07:30,Продукты,916,
06.01.2023 17:44:31,Продукты,978,
06.01.2023 17:45:33,Необходимые крупные покупки,20000,Шкаф в спальню
06.01.2023 18:24:31,Продукты,526,Торты
07.01.2023 15:00:04,Фастфуд,590,Шава
07.01.2023 15:15:58,Фастфуд,294,Пиво
08.01.2023 10:55:57,Дом/Быт,135,
08.01.2023 15:50:22,Фастфуд,540,
08.01.2023 15:57:17,Фастфуд,328,
08.01.2023 16:18:43,Продукты,430,
09.01.2023 12:53:05,Животные,2950,Корма
09.01.2023 12:53:21,Продукты,78,
09.01.2023 12:56:30,Алик и фигня,260,
09.01.2023 18:14:12,Продукты,409,
10.01.2023 17:00:32,Уход/Косметика,350,
10.01.2023 17:01:40,Продукты,1281,
11.01.2023 19:45:10,Фастфуд,535,Пица
12.01.2023 12:55:16,Психотерапевт,700,
12.01.2023 17:41:26,Одежда Обувь,3555,заказ интернет
12.01.2023 17:41:38,Одежда Обувь,610,Заказ интернет
13.01.2023 18:24:08,Дом/Быт,2800,Чайник
13.01.2023 23:34:55,Подарки Кому то,1075,Цветы др
13.01.2023 23:35:08,Подарки Кому то,256,Торт
13.01.2023 23:35:31,Продукты,300,
14.01.2023 11:40:15,Дом/Быт,795,
14.01.2023 11:57:54,Здоровье,295,
14.01.2023 15:59:48,Фастфуд,515,
14.01.2023 16:00:03,Фастфуд,245,
14.01.2023 22:01:56,Алик и фигня,561,Чехлы телефон
17.01.2023 12:33:37,Алик и фигня,1080,
17.01.2023 12:35:08,Продукты,1700,Иванна др рестораны
17.01.2023 13:31:27,Алик и фигня,372,
17.01.2023 20:49:59,Продукты,1351,
18.01.2023 12:51:51,Алик и фигня,223,
18.01.2023 17:58:14,Тачка Бенз,1822,
18.01.2023 17:59:57,Одежда Обувь,700,
18.01.2023 18:13:26,Продукты,1165,
21.01.2023 11:39:49,Продукты,164,
21.01.2023 12:00:36,Дом/Быт,236,
21.01.2023 16:53:04,Здоровье,392,
21.01.2023 17:13:30,Продукты,297,
21.01.2023 17:38:26,Дом/Быт,1500,Микротик точка
21.01.2023 17:38:57,Личное развитие,615,
21.01.2023 17:39:15,Личное развитие,310,
21.01.2023 17:41:33,Уход/Косметика,450,
23.01.2023 17:09:24,Здоровье,600,
23.01.2023 18:39:48,Продукты,1746,
23.01.2023 18:40:36,Здоровье,320,
23.01.2023 18:41:59,Разное,20,
23.01.2023 20:48:02,Фастфуд,48,Суши
23.01.2023 20:48:19,Фастфуд,450,Суши
23.01.2023 20:48:30,Фастфуд,79,
25.01.2023 13:11:37,Разное,146,
25.01.2023 13:11:45,Дом/Быт,80,
25.01.2023 13:11:55,Личное развитие,615,
25.01.2023 13:23:02,Алик и фигня,217,
25.01.2023 17:25:36,Продукты,173,
25.01.2023 18:49:01,Психотерапевт,700,
26.01.2023 18:49:30,Продукты,157,
27.01.2023 9:02:48,Здоровье,790,
27.01.2023 12:58:38,Личное развитие,615,
28.01.2023 9:11:22,Здоровье,440,Анализы
28.01.2023 10:03:05,Разное,200,Стрижка
28.01.2023 10:06:18,Фастфуд,220,
28.01.2023 12:44:26,Дом/Быт,767,Душевая
28.01.2023 13:18:00,Продукты,225,
28.01.2023 21:56:35,Фастфуд,331,
28.01.2023 22:12:43,Дом/Быт,250,Боты
30.01.2023 11:09:09,Здоровье,146,
30.01.2023 11:09:30,Продукты,378,
30.01.2023 18:15:06,Дом/Быт,2555,Пила
30.01.2023 18:37:48,Продукты,440,
30.01.2023 19:10:14,Здоровье,620,Аптека
30.01.2023 19:11:22,Здоровье,9500,Зубной лена
31.01.2023 8:51:31,Комуналка,3744,Старлинк
31.01.2023 17:36:55,Комуналка,150,
01.02.2023 17:58:51,Личное развитие,615,
01.02.2023 18:45:43,Животные,300,
02.02.2023 17:53:29,Животные,3638,
02.02.2023 17:53:55,Продукты,1648,
02.02.2023 17:54:49,Здоровье,670,
02.02.2023 17:55:21,Уход/Косметика,2755,
02.02.2023 18:37:01,Продукты,1401,
02.02.2023 18:37:28,Дом/Быт,533,
03.02.2023 13:18:55,Личное развитие,615,
03.02.2023 13:27:00,Комуналка,2116,Комуналка одесса
03.02.2023 18:09:49,Дом/Быт,334,
03.02.2023 18:10:22,Дом/Быт,166,
03.02.2023 18:11:03,Дом/Быт,45,
03.02.2023 18:11:44,Продукты,283,
03.02.2023 18:12:08,Здоровье,239,
03.02.2023 18:12:21,Животные,810,
03.02.2023 18:13:14,Уход/Косметика,112,
03.02.2023 18:13:27,Дом/Быт,80,
03.02.2023 18:13:42,Продукты,170,
04.02.2023 12:53:08,Дом/Быт,295,
04.02.2023 12:53:19,Одежда Обувь,260,
04.02.2023 13:58:50,Дом/Быт,390,Домовой
04.02.2023 14:24:17,Продукты,620,
05.02.2023 15:26:40,Продукты,666,
05.02.2023 15:27:04,Здоровье,295,
05.02.2023 15:27:13,Разное,80,
05.02.2023 19:10:38,Одежда Обувь,280,
06.02.2023 19:15:47,Фастфуд,714,Базилик хуита
06.02.2023 19:21:13,Фастфуд,165,
06.02.2023 19:43:49,Фастфуд,374,
06.02.2023 19:45:48,Комуналка,4800,Коммуналка светлик 
07.02.2023 16:35:11,Алик и фигня,372,
07.02.2023 16:47:20,Уход/Косметика,350,
07.02.2023 16:47:36,Личное развитие,615,
09.02.2023 14:10:11,Одежда Обувь,250,
09.02.2023 14:10:40,Психотерапевт,900,
09.02.2023 16:31:49,Личное развитие,340,
09.02.2023 17:06:38,Подарки Кому то,25000,Себе подарок PlayStation5
09.02.2023 18:49:56,Продукты,720,
10.02.2023 18:31:33,Продукты,519,
10.02.2023 18:34:38,Продукты,449,
11.02.2023 15:45:58,Подарки Кому то,980,
12.02.2023 18:01:25,Уход/Косметика,400,
12.02.2023 18:01:38,Подарки Кому то,1050,
12.02.2023 18:02:02,Уход/Косметика,1100,
12.02.2023 18:03:46,Уход/Косметика,595,
12.02.2023 18:03:58,Фастфуд,100,
13.02.2023 18:35:28,Продукты,630,
13.02.2023 18:59:59,Продукты,1923,
14.02.2023 14:08:30,Разное,470,
14.02.2023 15:10:43,Подарки Кому то,176,
14.02.2023 15:10:53,Здоровье,1200,
15.02.2023 16:58:26,Подарки Кому то,500,
15.02.2023 18:09:18,Подарки Кому то,549,Игра скайрим
15.02.2023 18:25:40,Личное развитие,615,
15.02.2023 18:25:56,Психотерапевт,700,
16.02.2023 12:53:45,Продукты,309,
16.02.2023 20:29:18,Фастфуд,810,
16.02.2023 21:06:30,Дом/Быт,87,
17.02.2023 14:08:17,Дом/Быт,550,
17.02.2023 14:08:32,Личное развитие,615,
17.02.2023 20:22:51,Фастфуд,187,
17.02.2023 20:23:40,Здоровье,672,
17.02.2023 20:24:23,Дом/Быт,424,
18.02.2023 10:54:51,Алик и фигня,1060,
18.02.2023 20:35:51,Алик и фигня,863,
19.02.2023 12:10:02,Алик и фигня,223,
19.02.2023 19:10:57,Фастфуд,170,
19.02.2023 19:11:16,Разное,38,
19.02.2023 20:10:41,Фастфуд,70,
20.02.2023 5:51:17,Фастфуд,173,
20.02.2023 5:51:27,Разное,100,
20.02.2023 9:55:06,Фастфуд,174,
20.02.2023 14:25:12,Фастфуд,89,
21.02.2023 20:09:16,Продукты,1108,
21.02.2023 20:09:37,Продукты,944,
22.02.2023 19:37:04,Продукты,212,
22.02.2023 19:37:55,Продукты,220,
22.02.2023 19:38:16,Фастфуд,163,
22.02.2023 19:38:33,Дом/Быт,394,
23.02.2023 20:36:42,Уход/Косметика,350,
23.02.2023 20:36:56,Продукты,298,
23.02.2023 20:37:09,Необходимые крупные покупки,1750,Шкаф
24.02.2023 17:18:08,Животные,3127,Корма и туалеты
24.02.2023 20:11:56,Одежда Обувь,1790,
24.02.2023 20:39:52,Дом/Быт,399,
25.02.2023 11:00:20,Здоровье,2000,
25.02.2023 11:00:36,Личное развитие,615,
26.02.2023 18:20:40,Фастфуд,120,
26.02.2023 18:20:54,Продукты,1491,
26.02.2023 18:21:22,Фастфуд,170,
27.02.2023 16:00:52,Разное,300,
28.02.2023 12:11:43,Здоровье,600,
28.02.2023 12:12:04,Дом/Быт,100,
28.02.2023 14:45:09,Дом/Быт,219,
28.02.2023 14:45:27,Продукты,1131,
01.03.2023 14:50:24,Алик и фигня,500,
01.03.2023 15:55:58,Подарки Кому то,230,
01.03.2023 15:57:21,Одежда Обувь,1525,
01.03.2023 19:57:29,Продукты,322,
01.03.2023 19:57:44,Фастфуд,535,
01.03.2023 20:06:52,Здоровье,415,
01.03.2023 20:07:59,Продукты,342,
01.03.2023 22:15:10,Личное развитие,615,
01.03.2023 23:01:45,Разное,0,Алкашка на др
02.03.2023 17:21:43,Алик и фигня,670,
02.03.2023 18:58:09,Продукты,116,
03.03.2023 10:22:32,Комуналка,3683,Старлинк март
03.03.2023 11:53:51,Алик и фигня,200,
04.03.2023 12:54:09,Дом/Быт,1913,
05.03.2023 19:03:27,Уход/Косметика,400,
05.03.2023 19:03:40,Подарки Кому то,126,
05.03.2023 19:04:24,Фастфуд,100,
05.03.2023 19:07:40,Дом/Быт,170,
06.03.2023 12:12:48,Комуналка,4065,
06.03.2023 12:13:27,Личное развитие,615,
06.03.2023 12:15:48,Разное,2787,
06.03.2023 13:27:17,Продукты,1157,Бухло др
06.03.2023 13:27:30,Алик и фигня,223,
06.03.2023 13:48:31,Уход/Косметика,1475,
06.03.2023 16:05:49,Продукты,1849,
06.03.2023 16:29:59,Одежда Обувь,420,
07.03.2023 16:32:15,Уход/Косметика,600,
07.03.2023 18:27:39,Подарки Кому то,550,8е
08.03.2023 12:41:06,Алик и фигня,332,
08.03.2023 16:32:52,Подарки Кому то,730,
09.03.2023 14:16:53,Продукты,1020,
09.03.2023 14:18:21,Продукты,746,
09.03.2023 14:19:09,Здоровье,110,
09.03.2023 14:19:21,Одежда Обувь,109,
09.03.2023 14:20:26,Дом/Быт,189,
09.03.2023 20:25:11,Фастфуд,252,
10.03.2023 13:12:42,Психотерапевт,700,
10.03.2023 13:13:01,Личное развитие,615,
10.03.2023 13:13:25,Фастфуд,385,
10.03.2023 17:08:10,Дом/Быт,395,
10.03.2023 17:08:19,Разное,288,
10.03.2023 23:10:23,Продукты,357,
11.03.2023 14:00:18,Фастфуд,219,
11.03.2023 14:01:48,Дом/Быт,678,
11.03.2023 15:10:56,Разное,128,
11.03.2023 19:35:15,Разное,214,
11.03.2023 21:00:36,Продукты,308,
12.03.2023 17:30:33,Разное,130,
13.03.2023 14:35:59,Фастфуд,460,
13.03.2023 14:36:08,Разное,274,
13.03.2023 14:36:40,Разное,130,
14.03.2023 9:32:10,Продукты,482,
14.03.2023 11:05:30,Разное,256,
14.03.2023 11:58:48,Разное,500,
14.03.2023 11:58:58,Одежда Обувь,660,
14.03.2023 11:59:16,Здоровье,485,
14.03.2023 14:23:40,Уход/Косметика,221,
14.03.2023 14:24:18,Продукты,136,
14.03.2023 14:24:44,Уход/Косметика,285,
14.03.2023 14:25:02,Дом/Быт,131,
14.03.2023 18:53:04,Разное,300,
14.03.2023 20:03:50,Продукты,863,
15.03.2023 10:46:57,Подарки Кому то,3400,Артур др
16.03.2023 15:48:07,Разное,500,Пацанам на носилки
17.03.2023 17:53:16,Продукты,1463,
17.03.2023 17:53:37,Продукты,672,
17.03.2023 17:53:51,Продукты,601,
17.03.2023 17:54:00,Психотерапевт,700,
17.03.2023 17:54:09,Уход/Косметика,350,
17.03.2023 17:54:28,Дом/Быт,500,
17.03.2023 17:54:50,Продукты,383,
17.03.2023 19:03:50,Подарки Кому то,150,
17.03.2023 19:04:23,Продукты,50,
17.03.2023 19:09:37,Продукты,752,
20.03.2023 12:51:17,Личное развитие,615,
20.03.2023 12:51:29,Здоровье,356,
20.03.2023 16:02:04,Животные,8190,
20.03.2023 19:53:55,Фастфуд,166,
20.03.2023 19:54:18,Продукты,778,
22.03.2023 11:00:03,Животные,1200,
22.03.2023 11:00:20,Здоровье,600,
22.03.2023 12:09:16,Личное развитие,615,
22.03.2023 15:16:30,Дом/Быт,928,
22.03.2023 15:16:57,Продукты,1192,
22.03.2023 15:17:24,Одежда Обувь,6385,
22.03.2023 15:18:10,Продукты,641,
22.03.2023 15:18:27,Подарки Кому то,160,
22.03.2023 19:40:02,Личное развитие,355,
22.03.2023 20:24:49,Психотерапевт,700,
23.03.2023 14:35:22,Алик и фигня,617,
23.03.2023 23:22:22,Здоровье,120,
23.03.2023 23:22:35,Подарки Кому то,110,
23.03.2023 23:23:04,Животные,110,
24.03.2023 10:01:56,Продукты,1500,
24.03.2023 10:02:26,Продукты,1500,
24.03.2023 10:02:37,Подарки Кому то,500,
24.03.2023 13:19:37,Личное развитие,615,
24.03.2023 20:28:17,Продукты,874,
25.03.2023 8:37:30,Здоровье,700,
26.03.2023 19:14:38,Разное,500,
28.03.2023 17:54:08,Разное,1700,Игры
31.03.2023 13:01:10,Личное развитие,615,
31.03.2023 13:01:21,Уход/Косметика,500,
31.03.2023 13:01:40,Продукты,853,
31.03.2023 13:02:22,Животные,210,
31.03.2023 13:03:00,Здоровье,1048,
01.04.2023 11:50:04,Разное,250,
01.04.2023 11:50:12,Дом/Быт,500,
01.04.2023 11:50:28,Дом/Быт,976,
01.04.2023 11:53:21,Дом/Быт,150,
01.04.2023 12:10:22,Тачка Бенз,2650,
01.04.2023 21:57:00,Фастфуд,1350,
02.04.2023 9:59:26,Продукты,575,
02.04.2023 10:02:48,Животные,250,
02.04.2023 10:02:59,Фастфуд,1044,
02.04.2023 14:00:26,Комуналка,4015,Коммуналка Одесса
02.04.2023 14:00:37,Алик и фигня,350,
02.04.2023 17:22:55,Продукты,981,
03.04.2023 13:39:39,Разное,5000,Билеты германия
03.04.2023 14:02:40,Комуналка,3766,Старлинк апрель
03.04.2023 16:45:58,Алик и фигня,410,
03.04.2023 17:58:57,Продукты,922,
03.04.2023 20:07:25,Продукты,292,
04.04.2023 22:08:16,Подарки Кому то,380,
05.04.2023 13:45:12,Личное развитие,615,
06.04.2023 11:15:19,Уход/Косметика,400,
06.04.2023 11:15:32,Дом/Быт,290,
06.04.2023 11:16:07,Продукты,430,
06.04.2023 11:16:15,Здоровье,800,
06.04.2023 11:41:12,Комуналка,3709,
06.04.2023 11:49:35,Разное,1044,билеты
06.04.2023 12:30:44,Разное,5148,билеты
06.04.2023 12:35:14,Уход/Косметика,1562,
06.04.2023 13:14:54,Разное,2547,билеты
06.04.2023 14:12:07,Животные,410,
07.04.2023 16:01:30,Личное развитие,615,
07.04.2023 20:10:07,Алик и фигня,135,
07.04.2023 20:10:33,Уход/Косметика,500,
09.04.2023 14:43:18,Продукты,5476,Фози закуп
09.04.2023 15:25:17,Дом/Быт,1319,Линия
09.04.2023 15:47:52,Фастфуд,593,
09.04.2023 17:51:06,Фастфуд,230,
10.04.2023 19:02:10,Психотерапевт,700,
10.04.2023 19:02:49,Продукты,65,
11.04.2023 19:10:40,Разное,1798,
12.04.2023 12:38:52,Дом/Быт,640,Тумба
12.04.2023 18:36:29,Продукты,326,
12.04.2023 18:36:37,Разное,88,
14.04.2023 8:21:16,Здоровье,440,
14.04.2023 13:47:02,Дом/Быт,3360,Кресло мешки
14.04.2023 14:27:58,Личное развитие,615,
15.04.2023 1:34:45,Продукты,729,
15.04.2023 1:34:59,Здоровье,43,
15.04.2023 1:35:12,Дом/Быт,82,
15.04.2023 1:35:28,Продукты,570,
15.04.2023 1:35:44,Продукты,1496,
15.04.2023 1:36:04,Здоровье,370,
15.04.2023 1:36:21,Дом/Быт,160,
15.04.2023 1:36:41,Уход/Косметика,300,
15.04.2023 19:54:09,Дом/Быт,3186,Тумба
15.04.2023 21:36:43,Здоровье,1737,
18.04.2023 18:35:55,Разное,170,
19.04.2023 18:22:04,Продукты,823,
19.04.2023 18:22:51,Фастфуд,174,
19.04.2023 18:23:15,Фастфуд,424,
19.04.2023 18:23:23,Фастфуд,89,
21.04.2023 14:43:38,Алик и фигня,1837,Алик блоки питания
21.04.2023 15:19:37,Алик и фигня,458,Для ноута накладки
21.04.2023 19:46:59,Разное,200,
22.04.2023 13:17:18,Дом/Быт,975,
24.04.2023 0:33:24,Алик и фигня,223,
24.04.2023 9:00:54,Тачка ТО,2180,Страховка
24.04.2023 13:58:21,Комуналка,1200,Выкачка ямы
24.04.2023 19:10:30,Продукты,1500,
24.04.2023 19:10:52,Разное,132,
24.04.2023 19:11:09,Фастфуд,256,
24.04.2023 19:11:52,Разное,87,
24.04.2023 19:12:08,Продукты,276,
24.04.2023 19:12:23,Разное,41,
24.04.2023 19:12:40,Комуналка,220,
24.04.2023 19:13:44,Одежда Обувь,4760,
24.04.2023 19:14:36,Продукты,560,
24.04.2023 19:15:37,Продукты,437,
24.04.2023 19:16:25,Разное,754,
24.04.2023 19:17:19,Разное,1494,
25.04.2023 14:02:53,Продукты,627,
28.04.2023 11:35:12,Разное,586,Ремень 
28.04.2023 11:35:25,Разное,300,Сане подарок на палатку
29.04.2023 11:27:56,Дом/Быт,196,
29.04.2023 11:30:58,Дом/Быт,128,
29.04.2023 11:40:25,Продукты,736,
29.04.2023 12:02:55,Дом/Быт,93,
29.04.2023 12:14:47,Дом/Быт,305,
29.04.2023 12:32:35,Фастфуд,330,
29.04.2023 14:36:35,Разное,250,
30.04.2023 13:13:53,Комуналка,2808,Старлинк
30.04.2023 20:29:33,Фастфуд,1007,Бухло
02.05.2023 14:55:55,Комуналка,3000,Коммуналка Одесса 
05.05.2023 14:12:15,Алик и фигня,372,
05.05.2023 20:02:30,Продукты,196,
05.05.2023 20:03:13,Животные,2654,
05.05.2023 20:03:40,Продукты,1064,
05.05.2023 20:04:06,Уход/Косметика,994,
05.05.2023 20:04:44,Дом/Быт,262,
05.05.2023 20:05:08,Продукты,1844,
05.05.2023 20:05:48,Здоровье,164,
05.05.2023 20:06:07,Фастфуд,510,
05.05.2023 20:06:44,Комуналка,100,
05.05.2023 20:07:06,Дом/Быт,1955,
05.05.2023 20:07:23,Дом/Быт,517,
05.05.2023 20:07:46,Продукты,617,
05.05.2023 20:08:30,Одежда Обувь,4760,
05.05.2023 20:09:38,Фастфуд,6210,
08.05.2023 20:59:00,Продукты,996,
10.05.2023 23:11:19,Продукты,1913,
10.05.2023 23:11:46,Продукты,394,
10.05.2023 23:12:03,Продукты,319,
10.05.2023 23:12:58,Уход/Косметика,400,
10.05.2023 23:15:12,Фастфуд,354,
11.05.2023 18:48:45,Одежда Обувь,4249,Кроссы
12.05.2023 16:13:11,Дом/Быт,3248,
12.05.2023 16:13:19,Уход/Косметика,400,
12.05.2023 22:20:53,Разное,500,Донаты
13.05.2023 21:48:50,Дом/Быт,220,
13.05.2023 21:49:13,Дом/Быт,350,
13.05.2023 21:49:46,Дом/Быт,703,
13.05.2023 21:51:58,Продукты,885,
13.05.2023 21:52:12,Продукты,239,
13.05.2023 21:52:50,Продукты,1100,
13.05.2023 21:54:04,Дом/Быт,200,
15.05.2023 13:37:51,Разное,500,Донат
17.05.2023 21:20:11,Продукты,1070,
17.05.2023 21:20:49,Фастфуд,197,
17.05.2023 21:21:06,Уход/Косметика,400,
20.05.2023 21:10:26,Дом/Быт,640,
20.05.2023 21:10:41,Разное,214,Книги
20.05.2023 21:11:07,Подарки Кому то,2643,Хогвартс игра
21.05.2023 19:37:45,Фастфуд,391,
21.05.2023 19:37:56,Продукты,413,
21.05.2023 19:38:16,Здоровье,1500,
21.05.2023 19:38:35,Личное развитие,615,
21.05.2023 19:40:12,Продукты,1068,
21.05.2023 19:40:29,Продукты,579,
21.05.2023 19:42:49,Психотерапевт,700,
22.05.2023 13:58:35,Дом/Быт,970,
22.05.2023 13:59:00,Дом/Быт,576,
22.05.2023 13:59:20,Продукты,548,
22.05.2023 21:18:45,Алик и фигня,160,
22.05.2023 21:18:54,Разное,70,
23.05.2023 20:19:46,Подарки Кому то,1112,
26.05.2023 0:05:10,Тачка ТО,3100,Руль и масло
26.05.2023 0:06:20,Продукты,1105,
26.05.2023 0:07:09,Дом/Быт,480,
26.05.2023 0:07:59,Уход/Косметика,1017,
26.05.2023 0:08:21,Дом/Быт,238,
26.05.2023 0:09:21,Дом/Быт,159,
26.05.2023 0:10:08,Продукты,1231,
26.05.2023 0:10:33,Личное развитие,1230,
27.05.2023 17:01:38,Дом/Быт,224,
27.05.2023 17:18:40,Продукты,793,
27.05.2023 18:50:31,Продукты,918,
27.05.2023 19:13:55,Здоровье,500,
27.05.2023 19:14:16,Здоровье,250,
29.05.2023 13:32:18,Одежда Обувь,274,Штаны Алик 
30.05.2023 18:36:27,Дом/Быт,12000,Посудомойка
31.05.2023 22:12:35,Фастфуд,680,Грузин ресторан
01.06.2023 10:21:51,Комуналка,2120,Коммуналка Одесса 
01.06.2023 10:59:08,Разное,100,Перевыпуск карты
01.06.2023 14:29:14,Подарки Кому то,200,Коллеге на лечение
01.06.2023 15:43:19,Комуналка,6150,
01.06.2023 22:27:51,Дом/Быт,585,
01.06.2023 22:28:23,Подарки Кому то,560,
01.06.2023 22:29:25,Дом/Быт,120,
01.06.2023 22:30:41,Животные,2080,
01.06.2023 22:31:15,Фастфуд,268,
01.06.2023 22:31:40,Комуналка,150,
01.06.2023 22:32:02,Уход/Косметика,495,
01.06.2023 22:32:17,Дом/Быт,117,
01.06.2023 22:32:53,Здоровье,238,
01.06.2023 22:33:44,Личное развитие,615,
01.06.2023 22:34:06,Дом/Быт,95,
01.06.2023 22:34:23,Психотерапевт,700,
01.06.2023 22:35:25,Продукты,1315,
02.06.2023 18:35:35,Уход/Косметика,430,
02.06.2023 18:35:51,Продукты,500,
03.06.2023 11:58:36,Дом/Быт,515,
03.06.2023 12:13:07,Личное развитие,615,
04.06.2023 0:09:09,Продукты,179,
05.06.2023 12:45:19,Продукты,284,
05.06.2023 12:45:36,Продукты,823,
06.06.2023 22:40:31,Личное развитие,5919,
07.06.2023 13:29:11,Психотерапевт,615,
07.06.2023 16:17:39,Психотерапевт,700,
07.06.2023 18:19:51,Тачка ТО,7881,Ремонт и запчасти то
07.06.2023 18:20:27,Разное,1000,Монетки
07.06.2023 18:20:46,Подарки Кому то,650,Плата папке в комп
07.06.2023 18:27:02,Фастфуд,125,
09.06.2023 19:46:40,Алик и фигня,559,
10.06.2023 13:57:58,Продукты,1344,
13.06.2023 23:10:59,Тачка ТО,1205,Рулевая тяга и наконечники
14.06.2023 11:49:51,Одежда Обувь,1770,Шорты носки и сумка
14.06.2023 14:02:20,Личное развитие,615,
14.06.2023 19:28:38,Животные,7084,
14.06.2023 19:30:37,Продукты,2448,
14.06.2023 19:50:16,Психотерапевт,700,
16.06.2023 15:35:52,Разное,400,
16.06.2023 15:36:11,Подарки Кому то,500,Донам ікс
16.06.2023 17:40:00,Подарки Кому то,480,Комп
16.06.2023 17:40:46,Личное развитие,615,
16.06.2023 17:56:31,Тачка Бенз,3370,
16.06.2023 18:17:32,Продукты,611,
16.06.2023 21:06:53,Алик и фигня,341,Вакуумный упаковщик
16.06.2023 21:18:34,Алик и фигня,654,
17.06.2023 13:18:54,Алик и фигня,736,
17.06.2023 19:21:29,Продукты,1336,
17.06.2023 19:22:54,Разное,600,Байдарки
18.06.2023 13:04:15,Алик и фигня,1086,Коврик и фигня
18.06.2023 16:26:17,Продукты,271,
18.06.2023 23:18:15,Уход/Косметика,1888,
19.06.2023 10:56:45,Уход/Косметика,2000,
19.06.2023 10:57:03,Дом/Быт,2005,
19.06.2023 14:23:39,Разное,489,Резинки для фитнеса
19.06.2023 22:56:08,Разное,400,Телефон
20.06.2023 20:02:59,Продукты,170,
20.06.2023 20:43:40,Продукты,927,
21.06.2023 13:31:43,Продукты,195,
21.06.2023 13:32:04,Продукты,470,
21.06.2023 13:32:40,Здоровье,290,
21.06.2023 13:33:00,Дом/Быт,382,
21.06.2023 13:33:19,Дом/Быт,80,
21.06.2023 13:45:14,Подарки Кому то,650,
21.06.2023 17:04:03,Необходимые крупные покупки,5295,Роутер
21.06.2023 23:42:31,Дом/Быт,260,
21.06.2023 23:42:55,Личное развитие,615,
21.06.2023 23:43:26,Фастфуд,217,
21.06.2023 23:43:47,Дом/Быт,145,
21.06.2023 23:45:11,Дом/Быт,450,
21.06.2023 23:46:19,Дом/Быт,430,
22.06.2023 12:52:28,Необходимые крупные покупки,3500,Инструмент
22.06.2023 13:35:31,Дом/Быт,330,
22.06.2023 13:36:09,Продукты,180,
22.06.2023 13:36:21,Животные,750,
22.06.2023 13:36:49,Продукты,642,
22.06.2023 13:36:57,Психотерапевт,700,
22.06.2023 13:37:23,Животные,430,
22.06.2023 16:04:53,Подарки Кому то,410,
23.06.2023 15:12:55,Алик и фигня,397,
23.06.2023 16:04:54,Дом/Быт,326,
23.06.2023 16:18:06,Здоровье,203,
23.06.2023 16:19:01,Личное развитие,615,
24.06.2023 15:18:23,Дом/Быт,526,Кейс до инструмента
25.06.2023 13:13:04,Алик и фигня,639,
25.06.2023 14:51:57,Дом/Быт,529,
25.06.2023 19:34:42,Продукты,580,
25.06.2023 19:35:04,Продукты,410,
28.06.2023 13:36:41,Личное развитие,615,
28.06.2023 22:12:01,Продукты,352,
28.06.2023 22:12:31,Дом/Быт,103,
28.06.2023 22:12:49,Психотерапевт,700,
29.06.2023 19:46:37,Продукты,546,
29.06.2023 19:47:30,Разное,658,Игры
29.06.2023 20:05:53,Продукты,965,
30.06.2023 20:32:30,Фастфуд,600,
30.06.2023 20:40:42,Тачка Бенз,1885,
01.07.2023 14:31:51,Разное,400,
01.07.2023 17:40:04,Здоровье,188,
01.07.2023 17:48:46,Продукты,420,
01.07.2023 18:13:23,Продукты,955,
02.07.2023 10:19:06,Личное развитие,1122,
02.07.2023 18:01:34,Алик и фигня,329,
02.07.2023 22:58:04,Личное развитие,615,
02.07.2023 23:00:08,Алик и фигня,159,
03.07.2023 16:31:19,Комуналка,3599,
03.07.2023 16:32:10,Здоровье,140,
03.07.2023 16:32:45,Продукты,2472,
03.07.2023 16:34:02,Продукты,127,
03.07.2023 16:34:16,Продукты,60,
04.07.2023 19:07:59,Продукты,724,
05.07.2023 14:31:58,Одежда Обувь,709,Штаны Алик 
07.07.2023 13:35:48,Продукты,622,Базилик
07.07.2023 13:36:21,Фастфуд,594,Пицца 
07.07.2023 14:31:31,Личное развитие,615,
07.07.2023 18:32:54,Тачка ТО,456,
09.07.2023 12:36:14,Тачка ТО,254,Клипсы с Алика 
10.07.2023 13:17:41,Дом/Быт,1328,Бытовой заказ розетка
10.07.2023 13:17:58,Подарки Кому то,1837,Алкашка
10.07.2023 13:18:20,Дом/Быт,1345,Бытовая химия 
10.07.2023 13:18:46,Тачка ТО,1400,Антифриз и расходник 
10.07.2023 13:18:58,Подарки Кому то,600,Лего Аринке 
11.07.2023 18:24:23,Подарки Кому то,1000,Донат на тачку ирландцу
12.07.2023 0:45:47,Фастфуд,500,
12.07.2023 12:02:21,Подарки Кому то,500,Донат
12.07.2023 13:35:30,Личное развитие,615,
14.07.2023 20:28:24,Дом/Быт,400,Кофеварка
14.07.2023 20:28:39,Алик и фигня,400,Переходник
14.07.2023 20:30:48,Дом/Быт,556,Пакеты упаковщик
15.07.2023 14:11:36,Продукты,671,
15.07.2023 14:11:41,Тачка ТО,1100,Термостат
15.07.2023 16:59:30,Тачка ТО,550,Крюк
15.07.2023 17:27:58,Алик и фигня,395,
17.07.2023 18:16:21,Продукты,1130,
17.07.2023 19:03:01,Тачка ТО,2225,Работа термостат плюс кондер 
18.07.2023 16:49:26,Подарки Кому то,1000,Донат
18.07.2023 20:16:45,Здоровье,1500,
18.07.2023 20:17:33,Животные,2740,
18.07.2023 20:18:13,Дом/Быт,155,
18.07.2023 20:18:41,Дом/Быт,608,
18.07.2023 20:18:55,Продукты,1606,
18.07.2023 20:19:27,Уход/Косметика,1869,
19.07.2023 10:05:25,Тачка ТО,316,
19.07.2023 12:42:54,Личное развитие,615,
19.07.2023 12:43:28,Здоровье,1259,
19.07.2023 19:38:11,Продукты,229,
19.07.2023 23:31:00,Продукты,629,
20.07.2023 10:01:52,Уход/Косметика,450,
20.07.2023 12:43:33,Разное,79,
20.07.2023 12:43:51,Разное,75,
20.07.2023 12:44:06,Продукты,340,
20.07.2023 12:44:26,Здоровье,1000,
21.07.2023 14:48:41,Личное развитие,615,
21.07.2023 14:49:02,Личное развитие,1347,
21.07.2023 18:30:26,Разное,579,
21.07.2023 21:19:28,Здоровье,121,
21.07.2023 21:19:46,Дом/Быт,102,
21.07.2023 21:19:56,Психотерапевт,700,
21.07.2023 21:21:00,Личное развитие,1497,
21.07.2023 21:26:19,Уход/Косметика,690,
22.07.2023 13:59:53,Продукты,195,
22.07.2023 14:50:07,Продукты,200,
22.07.2023 15:03:11,Разное,2750,
22.07.2023 15:19:02,Продукты,912,
25.07.2023 9:25:28,Уход/Косметика,3051,
25.07.2023 18:17:44,Подарки Кому то,3000,
25.07.2023 18:18:10,Дом/Быт,1300,
25.07.2023 18:18:43,Здоровье,4500,
25.07.2023 18:41:09,Продукты,565,
26.07.2023 10:53:26,Продукты,651,
26.07.2023 10:53:39,Уход/Косметика,1002,
26.07.2023 13:35:52,Подарки Кому то,1000,Донат
26.07.2023 13:57:57,Личное развитие,615,
27.07.2023 19:10:37,Продукты,106,
27.07.2023 19:11:04,Разное,81,
27.07.2023 19:11:44,Психотерапевт,700,
27.07.2023 19:12:07,Уход/Косметика,2236,
28.07.2023 13:03:20,Разное,580,Пазлы
28.07.2023 13:54:16,Дом/Быт,1114,
28.07.2023 20:07:28,Фастфуд,510,Мак
30.07.2023 12:36:18,Продукты,1733,
30.07.2023 12:37:17,Дом/Быт,50,
30.07.2023 15:16:02,Подарки Кому то,700,Донат
30.07.2023 22:47:19,Продукты,487,
30.07.2023 22:47:56,Продукты,800,
30.07.2023 22:48:10,Уход/Косметика,500,
31.07.2023 13:34:09,Алик и фигня,298,
31.07.2023 21:20:26,Продукты,760,
01.08.2023 10:16:45,Комуналка,150,
01.08.2023 23:20:06,Животные,1060,
01.08.2023 23:20:22,Здоровье,1000,
01.08.2023 23:21:00,Продукты,321,
02.08.2023 14:14:29,Подарки Кому то,2000,Донат своим
02.08.2023 18:19:26,Одежда Обувь,4598,Кросы
02.08.2023 22:49:20,Подарки Кому то,700,Донат Величко 
03.08.2023 20:47:15,Фастфуд,493,
04.08.2023 12:30:13,Личное развитие,1230,
04.08.2023 12:30:24,Психотерапевт,700,
05.08.2023 11:17:44,Разное,250,
05.08.2023 11:17:51,Разное,230,
05.08.2023 12:29:59,Продукты,642,
05.08.2023 14:35:34,Подарки Кому то,603,Донат
06.08.2023 12:10:44,Продукты,311,
06.08.2023 16:58:40,Дом/Быт,3760,Чайный набор 
06.08.2023 21:28:41,Продукты,1177,
06.08.2023 21:30:46,Подарки Кому то,1080,
07.08.2023 16:10:39,Комуналка,2520,
07.08.2023 16:31:17,Комуналка,445,
08.08.2023 10:57:35,Алик и фигня,336,
08.08.2023 12:34:07,Разное,1120,
08.08.2023 21:26:37,Продукты,965,
08.08.2023 21:26:54,Продукты,1720,
08.08.2023 21:28:36,Здоровье,1160,
08.08.2023 21:30:09,Дом/Быт,1052,
08.08.2023 21:30:59,Продукты,460,
09.08.2023 11:33:59,Здоровье,1320,
09.08.2023 11:34:21,Продукты,178,
10.08.2023 21:57:42,Здоровье,4200,Витамины
11.08.2023 13:00:36,Личное развитие,1230,
11.08.2023 13:00:48,Психотерапевт,700,
11.08.2023 16:41:59,Подарки Кому то,4000,Игры 5шт
12.08.2023 13:47:20,Продукты,1000,
13.08.2023 12:56:39,Дом/Быт,641,
13.08.2023 14:09:23,Животные,1075,
14.08.2023 13:15:32,Продукты,940,
14.08.2023 13:15:54,Продукты,1355,
14.08.2023 13:16:21,Подарки Кому то,350,
14.08.2023 13:16:45,Подарки Кому то,3540,Баба галя ДР и движ
14.08.2023 13:17:15,Здоровье,290,
14.08.2023 14:13:32,Продукты,135,
14.08.2023 14:24:19,Дом/Быт,472,
14.08.2023 14:25:02,Подарки Кому то,732,
14.08.2023 16:52:14,Продукты,103,
14.08.2023 16:52:24,Здоровье,500,
15.08.2023 13:54:09,Животные,1389,
15.08.2023 13:54:23,Фастфуд,193,
15.08.2023 13:54:39,Здоровье,80,
15.08.2023 14:20:36,Алик и фигня,1540,
17.08.2023 9:42:27,Разное,475,Доставка
17.08.2023 15:46:49,Продукты,319,
17.08.2023 15:46:59,Уход/Косметика,1010,
17.08.2023 17:26:47,Продукты,432,
17.08.2023 17:29:01,Комуналка,150,
17.08.2023 18:44:21,Продукты,360,
17.08.2023 18:44:42,Продукты,160,
18.08.2023 17:06:41,Уход/Косметика,540,
18.08.2023 17:07:41,Продукты,1641,
18.08.2023 17:08:22,Подарки Кому то,1258,
18.08.2023 21:21:02,Дом/Быт,250,
19.08.2023 13:58:04,Здоровье,635,
19.08.2023 13:58:27,Дом/Быт,338,
19.08.2023 13:58:49,Продукты,1125,
19.08.2023 14:50:43,Уход/Косметика,677,
20.08.2023 10:03:01,Уход/Косметика,730,
20.08.2023 10:03:22,Продукты,82,
20.08.2023 10:03:40,Продукты,93,
20.08.2023 10:04:22,Дом/Быт,159,
20.08.2023 10:04:49,Здоровье,94,
20.08.2023 18:07:36,Комуналка,370,
20.08.2023 18:08:01,Подарки Кому то,2598,
20.08.2023 18:09:02,Продукты,200,
20.08.2023 18:10:52,Дом/Быт,526,
21.08.2023 16:23:51,Разное,1220,Доставка
21.08.2023 17:56:56,Подарки Кому то,1200,Доски 
21.08.2023 17:57:24,Здоровье,700,Капа
21.08.2023 23:46:09,Подарки Кому то,500,Донат
22.08.2023 18:02:18,Подарки Кому то,2194,Бате кроксы 
23.08.2023 0:37:32,Здоровье,782,
23.08.2023 0:38:23,Продукты,289,
23.08.2023 0:38:37,Одежда Обувь,699,
23.08.2023 0:38:54,Одежда Обувь,239,
23.08.2023 0:39:15,Уход/Косметика,69,
23.08.2023 0:39:31,Разное,471,
23.08.2023 0:39:45,Уход/Косметика,111,
23.08.2023 0:40:02,Фастфуд,408,
23.08.2023 0:40:29,Дом/Быт,125,
23.08.2023 9:44:39,Продукты,640,
23.08.2023 9:44:54,Разное,520,
24.08.2023 0:25:32,Животные,220,
25.08.2023 0:01:34,Продукты,998,
25.08.2023 0:01:58,Дом/Быт,630,
25.08.2023 0:02:15,Психотерапевт,700,
25.08.2023 0:04:11,Разное,249,
25.08.2023 0:04:34,Продукты,122,
25.08.2023 17:59:13,Фастфуд,119,
25.08.2023 17:59:28,Дом/Быт,240,
25.08.2023 18:00:12,Здоровье,800,
25.08.2023 18:01:33,Здоровье,2500,
25.08.2023 18:02:50,Разное,425,
25.08.2023 18:59:18,Личное развитие,620,
26.08.2023 11:21:49,Животные,1710,
26.08.2023 11:41:48,Дом/Быт,124,
26.08.2023 12:02:22,Дом/Быт,173,
26.08.2023 12:02:38,Разное,250,Стрижка
26.08.2023 12:31:23,Продукты,926,
26.08.2023 12:43:06,Здоровье,2839,Витамины
27.08.2023 16:50:24,Дом/Быт,300,
27.08.2023 16:50:39,Одежда Обувь,600,
27.08.2023 16:51:51,Дом/Быт,75,
28.08.2023 15:01:49,Продукты,1344,
28.08.2023 15:02:07,Уход/Косметика,150,
28.08.2023 15:02:23,Дом/Быт,200,
28.08.2023 15:02:38,Дом/Быт,73,
28.08.2023 15:03:14,Необходимые крупные покупки,5291,
28.08.2023 18:16:12,Животные,300,
28.08.2023 18:16:25,Животные,2300,Чармуня 
31.08.2023 0:02:49,Уход/Косметика,1365,
31.08.2023 0:03:01,Здоровье,556,
31.08.2023 0:03:20,Психотерапевт,700,
31.08.2023 0:03:38,Продукты,242,
31.08.2023 14:00:51,Здоровье,800,
31.08.2023 14:01:03,Личное развитие,620,
31.08.2023 16:25:22,Дом/Быт,513,
31.08.2023 16:47:41,Алик и фигня,645,
31.08.2023 17:42:24,Алик и фигня,558,
31.08.2023 17:42:32,Одежда Обувь,100,
31.08.2023 22:00:52,Здоровье,1715,
31.08.2023 22:02:11,Подарки Кому то,540,
31.08.2023 22:02:55,Необходимые крупные покупки,3000,
31.08.2023 22:03:03,Дом/Быт,150,
01.09.2023 16:23:39,Личное развитие,620,
01.09.2023 18:17:29,Одежда Обувь,3100,Кроксы
01.09.2023 18:17:48,Подарки Кому то,1100,Бате кроксы
02.09.2023 14:58:57,Животные,60,
02.09.2023 14:59:09,Одежда Обувь,250,
02.09.2023 15:11:57,Дом/Быт,247,
02.09.2023 15:20:46,Продукты,200,
02.09.2023 15:21:16,Дом/Быт,230,
02.09.2023 19:55:16,Продукты,954,
02.09.2023 23:51:53,Продукты,354,
02.09.2023 23:52:16,Фастфуд,434,
02.09.2023 23:52:29,Разное,372,
03.09.2023 0:02:26,Здоровье,500,
03.09.2023 16:02:53,Дом/Быт,522,
03.09.2023 16:03:30,Здоровье,613,
03.09.2023 16:04:30,Продукты,564,
03.09.2023 16:45:48,Подарки Кому то,1500,
03.09.2023 16:48:35,Разное,1250,Доски
04.09.2023 0:29:42,Фастфуд,350,
05.09.2023 13:58:25,Разное,129,
05.09.2023 13:58:33,Дом/Быт,30,
05.09.2023 13:59:12,Дом/Быт,70,
05.09.2023 13:59:44,Одежда Обувь,381,
05.09.2023 14:00:10,Продукты,187,
05.09.2023 14:53:06,Уход/Косметика,1535,
05.09.2023 14:53:20,Здоровье,188,
05.09.2023 21:13:28,Разное,458,
05.09.2023 21:16:27,Разное,575,
05.09.2023 21:16:38,Психотерапевт,700,
06.09.2023 18:04:14,Необходимые крупные покупки,77500,MacBook 
06.09.2023 18:04:45,Разное,1348,Садху 
06.09.2023 20:18:00,Личное развитие,620,
06.09.2023 20:18:14,Животные,420,
06.09.2023 20:19:25,Здоровье,700,
07.09.2023 14:48:15,Здоровье,9624,
07.09.2023 14:48:28,Разное,170,
07.09.2023 23:28:17,Разное,183,
08.09.2023 18:44:51,Продукты,958,
08.09.2023 18:46:27,Продукты,410,
08.09.2023 19:01:47,Продукты,835,
08.09.2023 23:34:55,Продукты,122,
08.09.2023 23:35:06,Фастфуд,272,
09.09.2023 12:19:18,Здоровье,1703,
09.09.2023 12:20:58,Фастфуд,510,
09.09.2023 18:52:10,Продукты,518,
09.09.2023 18:53:58,Продукты,925,
10.09.2023 10:50:12,Дом/Быт,324,
10.09.2023 10:50:44,Продукты,1148,
10.09.2023 12:15:53,Животные,640,
10.09.2023 12:17:09,Здоровье,242,
11.09.2023 0:18:18,Фастфуд,580,
11.09.2023 0:18:44,Подарки Кому то,700,
11.09.2023 0:19:11,Здоровье,680,
11.09.2023 15:09:31,Подарки Кому то,5000,Донат
11.09.2023 16:20:23,Уход/Косметика,129,
11.09.2023 16:20:38,Фастфуд,300,
11.09.2023 19:54:37,Психотерапевт,700,
11.09.2023 23:34:52,Фастфуд,66,
12.09.2023 14:34:21,Продукты,347,
12.09.2023 14:34:29,Здоровье,900,
12.09.2023 21:00:32,Здоровье,1835,
12.09.2023 21:01:33,Здоровье,500,
13.09.2023 14:10:15,Животные,70,
13.09.2023 16:01:54,Продукты,475,
14.09.2023 16:17:48,Личное развитие,620,
14.09.2023 16:40:42,Дом/Быт,450,
14.09.2023 22:56:37,Алик и фигня,355,
15.09.2023 11:25:22,Продукты,441,
15.09.2023 11:25:36,Здоровье,386,
15.09.2023 12:53:45,Здоровье,589,
15.09.2023 14:58:09,Личное развитие,620,
16.09.2023 12:36:28,Дом/Быт,1987,
16.09.2023 13:04:05,Продукты,620,
16.09.2023 15:00:14,Продукты,958,
16.09.2023 17:03:25,Здоровье,1495,
16.09.2023 17:03:41,Здоровье,1000,
16.09.2023 17:04:45,Фастфуд,800,
16.09.2023 19:28:07,Дом/Быт,177,
16.09.2023 19:29:30,Здоровье,360,
17.09.2023 23:33:01,Разное,200,
19.09.2023 10:44:31,Здоровье,2460,
19.09.2023 10:48:42,Разное,53,
19.09.2023 10:49:03,Продукты,174,
19.09.2023 10:49:12,Комуналка,150,
20.09.2023 9:58:04,Психотерапевт,700,
20.09.2023 9:58:15,Разное,165,
20.09.2023 9:58:42,Здоровье,974,
20.09.2023 9:59:08,Продукты,495,
20.09.2023 10:32:02,Разное,158,
20.09.2023 10:32:15,Здоровье,139,
22.09.2023 14:25:16,Подарки Кому то,250,
22.09.2023 14:25:39,Одежда Обувь,720,
22.09.2023 14:25:50,Животные,60,
22.09.2023 14:27:12,Здоровье,45,
22.09.2023 14:27:21,Фастфуд,96,
22.09.2023 14:27:35,Здоровье,1000,
22.09.2023 14:28:27,Продукты,230,
22.09.2023 14:29:17,Продукты,349,
22.09.2023 15:14:15,Уход/Косметика,902,
22.09.2023 15:27:41,Здоровье,811,
22.09.2023 15:59:23,Здоровье,920,
22.09.2023 23:10:47,Продукты,386,
22.09.2023 23:11:04,Дом/Быт,200,
22.09.2023 23:11:20,Фастфуд,352,
22.09.2023 23:11:37,Уход/Косметика,2603,
22.09.2023 23:13:02,Уход/Косметика,450,
22.09.2023 23:54:36,Продукты,747,
23.09.2023 10:52:21,Разное,300,
23.09.2023 13:26:13,Дом/Быт,1275,
23.09.2023 20:06:20,Дом/Быт,2366,
23.09.2023 20:07:23,Комуналка,303,
23.09.2023 20:31:47,Алик и фигня,740,
23.09.2023 23:22:16,Продукты,1193,
23.09.2023 23:22:40,Дом/Быт,920,
23.09.2023 23:23:09,Продукты,259,
23.09.2023 23:23:25,Разное,75,
25.09.2023 13:13:11,Разное,427,
25.09.2023 13:13:26,Разное,288,
25.09.2023 17:47:16,Дом/Быт,9500,Стол
25.09.2023 17:47:59,Тачка ТО,17900,Зимняя резина
25.09.2023 17:56:41,Продукты,635,
26.09.2023 15:46:49,Дом/Быт,1405,
26.09.2023 15:47:22,Здоровье,996,
26.09.2023 15:47:45,Продукты,770,
26.09.2023 15:48:14,Одежда Обувь,540,
26.09.2023 15:48:43,Продукты,189,
26.09.2023 15:48:59,Продукты,85,
26.09.2023 19:13:13,Психотерапевт,700,
27.09.2023 7:38:27,Разное,184,
27.09.2023 14:03:25,Личное развитие,620,
28.09.2023 14:19:53,Продукты,854,
28.09.2023 14:20:09,Дом/Быт,1003,
28.09.2023 14:20:25,Личное развитие,561,
28.09.2023 14:20:38,Здоровье,700,
28.09.2023 18:52:04,Здоровье,760,
28.09.2023 18:52:16,Фастфуд,226,
28.09.2023 18:52:34,Разное,180,
28.09.2023 18:52:45,Подарки Кому то,69,
30.09.2023 11:49:53,Животные,2870,Корм коты
30.09.2023 13:33:52,Фастфуд,750,
30.09.2023 13:34:01,Фастфуд,90,
30.09.2023 13:34:24,Животные,65,
30.09.2023 13:34:42,Продукты,126,
30.09.2023 13:35:01,Дом/Быт,99,
30.09.2023 13:35:09,Дом/Быт,299,
30.09.2023 13:35:30,Продукты,689,
30.09.2023 17:33:47,Продукты,1330,
30.09.2023 20:01:26,Подарки Кому то,1210,
30.09.2023 20:01:43,Разное,170,
30.09.2023 20:01:59,Разное,150,
30.09.2023 20:02:14,Здоровье,407,
30.09.2023 20:02:27,Уход/Косметика,2790,
01.10.2023 16:36:25,Дом/Быт,215,
01.10.2023 16:36:33,Разное,380,
02.10.2023 21:01:36,Продукты,1025,
02.10.2023 21:02:54,Продукты,79,
02.10.2023 21:14:38,Продукты,120,
03.10.2023 21:56:38,Продукты,328,
03.10.2023 22:12:26,Дом/Быт,510,
04.10.2023 13:52:19,Личное развитие,620,
05.10.2023 18:16:48,Продукты,208,
06.10.2023 13:47:13,Личное развитие,620,
06.10.2023 13:53:55,Здоровье,2280,Витамины
06.10.2023 22:04:31,Личное развитие,7938,
07.10.2023 13:05:45,Дом/Быт,378,
07.10.2023 13:05:49,Продукты,800,
07.10.2023 13:06:12,Здоровье,200,
07.10.2023 13:06:32,Дом/Быт,185,
07.10.2023 13:07:12,Продукты,438,
07.10.2023 13:08:54,Продукты,310,
08.10.2023 15:01:37,Здоровье,1600,Зубной
08.10.2023 15:01:46,Алик и фигня,490,
09.10.2023 18:49:26,Продукты,1250,
09.10.2023 19:00:08,Фастфуд,225,
09.10.2023 19:51:40,Фастфуд,60,
12.10.2023 10:39:12,Психотерапевт,2000,
14.10.2023 17:22:31,Продукты,670,
14.10.2023 17:22:43,Продукты,80,
14.10.2023 21:36:24,Продукты,410,
14.10.2023 21:36:38,Личное развитие,620,
15.10.2023 14:54:56,Разное,2000,
15.10.2023 14:55:11,Комуналка,350,
17.10.2023 21:30:09,Продукты,486,
18.10.2023 21:08:12,Разное,120,
18.10.2023 21:08:32,Продукты,481,
18.10.2023 21:09:07,Подарки Кому то,707,
18.10.2023 21:09:26,Психотерапевт,2000,
18.10.2023 21:11:34,Уход/Косметика,900,
18.10.2023 21:35:09,Продукты,232,
20.10.2023 12:42:44,Дом/Быт,1237,
20.10.2023 19:22:48,Продукты,950,
21.10.2023 13:09:15,Разное,400,
23.10.2023 21:17:29,Продукты,700,
24.10.2023 11:17:37,Животные,1840,
24.10.2023 11:39:05,Дом/Быт,2738,
24.10.2023 12:02:36,Разное,5000,На життя Іванні
24.10.2023 12:51:59,Дом/Быт,2040,
24.10.2023 13:06:35,Подарки Кому то,520,
24.10.2023 13:06:49,Одежда Обувь,430,
24.10.2023 13:31:55,Здоровье,600,
24.10.2023 14:46:44,Алик и фигня,4792,"Подарки, дом быт, разные мелочи"
24.10.2023 15:59:24,Продукты,1437,
24.10.2023 16:00:30,Продукты,665,
24.10.2023 18:26:06,Дом/Быт,1537,Разное для дома
24.10.2023 18:29:04,Разное,150,
24.10.2023 18:38:39,Дом/Быт,1300,
24.10.2023 19:25:12,Одежда Обувь,650,
24.10.2023 20:30:20,Алик и фигня,597,
25.10.2023 15:15:12,Дом/Быт,300,
25.10.2023 15:15:27,Личное развитие,620,
25.10.2023 15:23:27,Подарки Кому то,1225,
25.10.2023 17:09:25,Психотерапевт,2000,
26.10.2023 18:53:41,Дом/Быт,600,
26.10.2023 18:54:16,Уход/Косметика,1151,
26.10.2023 18:54:38,Уход/Косметика,4829,
26.10.2023 18:55:05,Разное,155,Доставка
26.10.2023 18:55:56,Дом/Быт,267,
26.10.2023 18:56:11,Животные,815,
26.10.2023 18:56:33,Здоровье,290,
26.10.2023 19:01:09,Необходимые крупные покупки,25000,
26.10.2023 19:01:22,Подарки Кому то,1500,
26.10.2023 19:01:50,Дом/Быт,1800,
26.10.2023 19:01:53,Дом/Быт,935,
26.10.2023 19:57:23,Фастфуд,680,
27.10.2023 17:35:54,Фастфуд,65,
27.10.2023 17:36:07,Здоровье,132,
27.10.2023 17:36:20,Животные,540,
27.10.2023 17:39:32,Личное развитие,620,
27.10.2023 19:37:18,Дом/Быт,4171,Фильтр воды
27.10.2023 19:37:33,Тачка ТО,700,Шиномонтаж
27.10.2023 20:07:41,Разное,300,
27.10.2023 20:08:42,Разное,967,Чай 
27.10.2023 21:48:16,Дом/Быт,1356,
27.10.2023 21:49:39,Разное,218,Доставка 
28.10.2023 8:46:38,Тачка Бенз,5300,
28.10.2023 9:29:09,Дом/Быт,516,
29.10.2023 13:08:42,Дом/Быт,544,
29.10.2023 13:36:20,Продукты,1347,
29.10.2023 13:52:55,Продукты,145,
29.10.2023 13:58:51,Разное,310,
29.10.2023 13:59:14,Разное,130,
29.10.2023 14:06:54,Продукты,851,
29.10.2023 14:15:11,Продукты,373,
30.10.2023 14:17:23,Личное развитие,561,
30.10.2023 16:36:41,Тачка ТО,780,
31.10.2023 13:21:18,Продукты,90,
31.10.2023 13:21:30,Продукты,506,
01.11.2023 11:03:11,Разное,700,
01.11.2023 11:30:05,Комуналка,8610,
02.11.2023 9:30:47,Разное,5000,Донат Владу на дроны
02.11.2023 12:17:34,Животные,120,
02.11.2023 12:17:44,Фастфуд,62,
02.11.2023 12:17:59,Здоровье,250,
02.11.2023 14:10:59,Личное развитие,300,
03.11.2023 19:30:33,Одежда Обувь,5000,
04.11.2023 0:08:51,Подарки Кому то,2180,
04.11.2023 15:00:33,Здоровье,2280,Очки
04.11.2023 15:21:14,Продукты,787,
05.11.2023 13:54:32,Дом/Быт,425,
05.11.2023 13:54:46,Здоровье,500,Зал
05.11.2023 13:54:55,Разное,250,
05.11.2023 14:04:17,Дом/Быт,317,
05.11.2023 14:28:57,Продукты,825,
06.11.2023 12:20:05,Разное,300,
06.11.2023 18:40:03,Продукты,280,
06.11.2023 19:27:16,Необходимые крупные покупки,10550,Монитор
07.11.2023 16:21:45,Продукты,816,
07.11.2023 16:22:03,Разное,156,Марки
07.11.2023 16:22:25,Дом/Быт,619,
07.11.2023 16:22:51,Дом/Быт,155,
07.11.2023 16:23:06,Здоровье,534,
08.11.2023 16:19:23,Личное развитие,620,
09.11.2023 18:11:08,Уход/Косметика,1088,
09.11.2023 18:11:20,Психотерапевт,2000,
09.11.2023 18:11:34,Продукты,303,
09.11.2023 18:11:45,Фастфуд,165,
09.11.2023 18:11:59,Одежда Обувь,237,
09.11.2023 18:12:08,Дом/Быт,523,
10.11.2023 20:42:51,Продукты,1096,
11.11.2023 16:27:48,Дом/Быт,460,
12.11.2023 11:09:41,Разное,230,
12.11.2023 11:10:02,Алик и фигня,1980,11.11 закуп
12.11.2023 12:40:09,Алик и фигня,180,
12.11.2023 17:47:50,Фастфуд,495,
14.11.2023 15:12:24,Личное развитие,269,
14.11.2023 15:12:46,Разное,150,Доставка
14.11.2023 15:12:59,Продукты,288,
14.11.2023 15:13:10,Продукты,66,
14.11.2023 15:13:22,Продукты,100,
14.11.2023 15:13:42,Разное,128,Ксерокопії
14.11.2023 16:57:01,Дом/Быт,602,
14.11.2023 16:57:40,Разное,1300,Мамі
14.11.2023 16:59:17,Дом/Быт,520,
14.11.2023 16:59:28,Продукты,77,
14.11.2023 19:56:25,Личное развитие,2490,Курс про завитки
14.11.2023 19:57:56,Разное,5000,Іванні та мамі
15.11.2023 11:08:38,Дом/Быт,653,
15.11.2023 18:44:32,Личное развитие,1500,Универ
15.11.2023 19:10:37,Продукты,950,
17.11.2023 9:36:53,Дом/Быт,204,
17.11.2023 12:51:15,Разное,1000,Іванні
18.11.2023 21:57:54,Дом/Быт,400,
18.11.2023 21:58:10,Продукты,569,
21.11.2023 18:49:25,Продукты,258,
22.11.2023 14:07:49,Личное развитие,620,
22.11.2023 14:18:31,Разное,335,Картина
22.11.2023 14:25:30,Подарки Кому то,1300,
22.11.2023 15:29:26,Алик и фигня,678,
22.11.2023 17:12:04,Психотерапевт,2000,
22.11.2023 17:13:13,Дом/Быт,419,
22.11.2023 17:13:28,Разное,3000,Іванна
22.11.2023 18:12:17,Фастфуд,1625,Бухло
22.11.2023 18:12:56,Разное,1469,Иванна
22.11.2023 18:48:58,Разное,1300,Иванна
22.11.2023 18:49:17,Разное,700,
22.11.2023 20:26:38,Дом/Быт,77,
22.11.2023 21:47:00,Алик и фигня,1000,
22.11.2023 22:12:29,Уход/Косметика,2775,
23.11.2023 10:55:12,Дом/Быт,1069,
23.11.2023 10:55:22,Животные,1600,
23.11.2023 11:17:41,Дом/Быт,1173,
23.11.2023 12:32:32,Животные,1806,
23.11.2023 13:17:50,Продукты,2145,
23.11.2023 13:18:06,Дом/Быт,260,
23.11.2023 13:18:23,Здоровье,496,
23.11.2023 21:28:26,Продукты,207,
24.11.2023 12:49:09,Здоровье,3900,Витамины
24.11.2023 18:44:55,Продукты,873,
24.11.2023 18:50:57,Дом/Быт,1313,Ящики
24.11.2023 19:00:50,Тачка Бенз,2020,
24.11.2023 19:40:14,Продукты,2958,
25.11.2023 11:24:11,Подарки Кому то,900,
25.11.2023 11:24:28,Разное,300,Стрижка
25.11.2023 11:40:12,Подарки Кому то,1000,
25.11.2023 11:41:08,Продукты,175,
25.11.2023 11:45:37,Подарки Кому то,90,
26.11.2023 14:05:36,Продукты,165,
29.11.2023 14:02:58,Разное,3000,Донат
30.11.2023 17:12:57,Продукты,537,Чай
02.12.2023 15:26:19,Разное,231,
02.12.2023 16:36:21,Животные,920,
02.12.2023 16:36:35,Одежда Обувь,702,
02.12.2023 21:39:01,Продукты,670,
03.12.2023 12:31:31,Дом/Быт,370,
03.12.2023 13:04:37,Продукты,571,
03.12.2023 18:28:38,Разное,751,
03.12.2023 18:43:06,Здоровье,1167,Витамины
04.12.2023 17:22:02,Личное развитие,9480,Оплата за обучение
05.12.2023 11:55:54,Алик и фигня,740,
05.12.2023 18:33:58,Разное,4300,Іванна
05.12.2023 18:34:18,Комуналка,4490,
05.12.2023 18:34:34,Животные,150,
05.12.2023 18:35:27,Личное развитие,559,
05.12.2023 18:35:36,Психотерапевт,2000,
05.12.2023 18:36:56,Дом/Быт,1553,
05.12.2023 18:37:11,Фастфуд,392,
05.12.2023 18:39:16,Продукты,4770,
05.12.2023 18:39:40,Разное,291,Доставка
05.12.2023 18:39:54,Уход/Косметика,203,
05.12.2023 18:40:07,Здоровье,196,
05.12.2023 18:40:35,Личное развитие,346,
05.12.2023 18:41:18,Дом/Быт,904,
05.12.2023 21:11:30,Подарки Кому то,2070,
05.12.2023 21:23:23,Продукты,327,
06.12.2023 16:55:09,Тачка ТО,824,Проверка тачки Црв 
06.12.2023 18:35:23,Одежда Обувь,3207,Сумки и рюкзак
06.12.2023 18:55:44,Продукты,1470,
08.12.2023 12:51:58,Фастфуд,520,Мак
08.12.2023 14:37:32,Продукты,448,
08.12.2023 14:37:49,Дом/Быт,1750,
08.12.2023 16:12:11,Тачка ТО,850,Проверка тачки
08.12.2023 16:12:27,Тачка ТО,400,ТО
09.12.2023 15:37:32,Разное,1500,Іванні 
09.12.2023 15:37:51,Животные,759,
09.12.2023 15:38:13,Подарки Кому то,240,
09.12.2023 21:23:22,Продукты,220,
10.12.2023 12:33:50,Алик и фигня,484,
10.12.2023 13:20:36,Тачка ТО,2000,Сайлентблоки
10.12.2023 14:03:27,Подарки Кому то,727,
11.12.2023 13:56:43,Разное,70,
11.12.2023 13:56:58,Животные,535,
11.12.2023 13:57:22,Продукты,273,
12.12.2023 18:47:30,Разное,900,Іванна
12.12.2023 19:40:36,Продукты,150,
12.12.2023 19:40:46,Тачка ТО,2300,
12.12.2023 19:41:05,Тачка ТО,1220,Ремонт
14.12.2023 23:49:08,Личное развитие,4500,Сессия
16.12.2023 10:10:27,Тачка ТО,620,
16.12.2023 12:49:02,Дом/Быт,1169,
16.12.2023 12:49:19,Продукты,596,
16.12.2023 12:49:46,Продукты,1485,
16.12.2023 12:51:39,Психотерапевт,2050,
16.12.2023 12:52:16,Уход/Косметика,1390,
16.12.2023 12:52:44,Разное,1000,Іванна
16.12.2023 19:34:05,Тачка ТО,2000,Оформление новой тачки
16.12.2023 19:34:12,Фастфуд,950,
16.12.2023 19:55:41,Тачка ТО,12200,Магнитола регистратор и ништяки
17.12.2023 11:59:51,Тачка ТО,2121,Страховка
17.12.2023 15:02:14,Подарки Кому то,2232,
17.12.2023 15:02:32,Тачка Бенз,1484,Газ
17.12.2023 15:56:00,Животные,695,
17.12.2023 16:00:51,Продукты,1271,
17.12.2023 16:01:11,Продукты,63,
17.12.2023 16:01:34,Продукты,126,
17.12.2023 23:25:23,Алик и фигня,300,
18.12.2023 15:36:34,Подарки Кому то,1400,
18.12.2023 20:26:32,Здоровье,560,
18.12.2023 23:12:31,Тачка ТО,510,Лампочки в тачку
20.12.2023 13:32:02,Дом/Быт,1159,
20.12.2023 18:45:31,Подарки Кому то,980,
20.12.2023 18:45:40,Здоровье,204,
20.12.2023 18:54:22,Фастфуд,364,
20.12.2023 19:01:47,Подарки Кому то,1303,Бухло
23.12.2023 13:12:41,Подарки Кому то,652,
24.12.2023 11:18:44,Подарки Кому то,2250,Маман подарки 
24.12.2023 13:17:12,Продукты,1100,
24.12.2023 13:17:20,Разное,300,
24.12.2023 14:53:16,Продукты,1880,
24.12.2023 22:27:47,Алик и фигня,297,
24.12.2023 22:28:00,Подарки Кому то,1100,Игры
25.12.2023 12:56:33,Тачка ТО,1407,Датчики
25.12.2023 12:56:48,Тачка ТО,580,Замена стойки
26.12.2023 18:07:12,Тачка ТО,400,
28.12.2023 13:42:45,Разное,3400,Бухгалтер
28.12.2023 18:51:50,Подарки Кому то,2000,Лимону рукз
28.12.2023 18:52:03,Тачка ТО,1200,Регулятор поплавка
28.12.2023 21:29:18,Фастфуд,342,
29.12.2023 18:20:11,Подарки Кому то,400,
29.12.2023 18:20:32,Тачка ТО,3500,Сайленты
31.12.2023 12:39:05,Продукты,585,
31.12.2023 12:50:49,Подарки Кому то,200,
31.12.2023 13:23:57,Продукты,124,
31.12.2023 18:07:59,Фастфуд,220,
31.12.2023 18:08:24,Разное,70,Доставка
31.12.2023 18:08:38,Продукты,205,
31.12.2023 18:09:17,Дом/Быт,450,
31.12.2023 18:09:34,Продукты,371,
31.12.2023 19:44:46,Подарки Кому то,1508,
31.12.2023 19:45:03,Психотерапевт,2000,
31.12.2023 19:45:44,Продукты,2646,
31.12.2023 19:46:04,Дом/Быт,146,
31.12.2023 19:46:22,Разное,79,Доставка
31.12.2023 19:46:38,Животные,640,
31.12.2023 19:47:37,Подарки Кому то,2569,
31.12.2023 19:47:45,Комуналка,100,
31.12.2023 19:48:05,Разное,350,Іванні
31.12.2023 19:49:16,Продукты,1653,
31.12.2023 19:49:28,Дом/Быт,142,
31.12.2023 19:50:04,Подарки Кому то,3349,
31.12.2023 19:50:36,Уход/Косметика,2178,
31.12.2023 19:51:09,Дом/Быт,393,
31.12.2023 19:51:26,Животные,400,
31.12.2023 19:52:00,Продукты,2242,
31.12.2023 19:52:35,Дом/Быт,1156,
31.12.2023 19:52:46,Разное,140,
31.12.2023 19:52:59,Дом/Быт,136,
31.12.2023 19:53:12,Животные,1290,
31.12.2023 19:53:40,Продукты,1650,
31.12.2023 19:53:53,Разное,1200,Іванні
31.12.2023 19:54:06,Одежда Обувь,820,
31.12.2023 19:54:19,Животные,695,
31.12.2023 19:54:51,Продукты,1458,
31.12.2023 19:55:04,Продукты,596,
31.12.2023 19:55:15,Дом/Быт,1169,
31.12.2023 19:55:32,Продукты,1485,
31.12.2023 19:55:46,Психотерапевт,2050,
31.12.2023 19:56:00,Уход/Косметика,1390,
31.12.2023 19:56:22,Разное,1000,Іванні
01.01.2024 13:07:43,Разное,0,Тест
02.01.2024 13:45:14,Алик и фигня,179,
02.01.2024 19:57:48,Тачка Бенз,1800,
02.01.2024 23:28:32,Здоровье,3450,Витамины
03.01.2024 12:43:21,Алик и фигня,344,
03.01.2024 22:26:13,Тачка ТО,5200,Комплект обслуживания
03.01.2024 22:26:28,Подарки Кому то,3500,Тайна
04.01.2024 17:11:06,Здоровье,500,Треша
05.01.2024 8:15:16,Уход/Косметика,58,
05.01.2024 8:15:35,Дом/Быт,143,
05.01.2024 8:15:49,Продукты,790,
05.01.2024 8:16:09,Личное развитие,576,
05.01.2024 19:32:30,Разное,130,
05.01.2024 19:32:38,Продукты,380,
05.01.2024 19:32:54,Тачка ТО,1720,Замена сайлентов црв
06.01.2024 23:30:16,Донат,5000,Саньку донат
06.01.2024 23:30:29,Фастфуд,510,
07.01.2024 21:20:21,Разное,1300,
09.01.2024 20:32:07,Разное,504,
09.01.2024 20:32:23,Здоровье,1011,
09.01.2024 21:39:07,Продукты,1683,
09.01.2024 21:39:28,Продукты,356,
09.01.2024 21:39:38,Здоровье,800,
09.01.2024 21:40:18,Продукты,471,
10.01.2024 18:27:03,Тачка Бенз,410,
11.01.2024 13:09:10,Фастфуд,278,
11.01.2024 13:13:35,Фастфуд,138,
11.01.2024 17:04:05,Психотерапевт,2000,
11.01.2024 17:04:21,Разное,83,
11.01.2024 17:04:28,Уход/Косметика,450,
11.01.2024 17:05:03,Продукты,1000,
11.01.2024 17:11:36,Здоровье,13310,Линза
11.01.2024 20:54:50,Подарки Кому то,1300,
12.01.2024 12:40:00,Здоровье,574,
12.01.2024 12:50:46,Продукты,221,
12.01.2024 13:36:14,Одежда Обувь,429,
12.01.2024 15:02:16,Здоровье,7980,Косметолог
12.01.2024 16:52:06,Тачка ТО,560,
12.01.2024 16:52:31,Дом/Быт,900,
12.01.2024 17:44:14,Продукты,2005,
12.01.2024 18:19:51,Здоровье,150,
12.01.2024 20:40:14,Разное,1000,Иванна
12.01.2024 21:42:36,Фастфуд,1400,
13.01.2024 13:27:44,Тачка ТО,1228,
13.01.2024 15:01:34,Разное,300,
13.01.2024 15:59:22,Одежда Обувь,550,Носки
13.01.2024 19:35:03,Одежда Обувь,1547,Одежда
13.01.2024 20:29:39,Одежда Обувь,826,Одежда
13.01.2024 21:02:41,Фастфуд,1225,
14.01.2024 11:48:09,Тачка Бенз,1300,
14.01.2024 12:03:06,Продукты,546,
14.01.2024 14:06:48,Фастфуд,166,
14.01.2024 16:24:35,Тачка Бенз,668,
14.01.2024 16:31:08,Подарки Кому то,550,
14.01.2024 17:06:18,Подарки Кому то,1500,
15.01.2024 19:00:29,Дом/Быт,261,
17.01.2024 14:25:57,Подарки Кому то,980,
17.01.2024 14:26:05,Продукты,700,
17.01.2024 14:26:29,Здоровье,50,
17.01.2024 14:26:42,Продукты,1328,
17.01.2024 14:26:57,Уход/Косметика,540,
17.01.2024 14:27:16,Фастфуд,212,
17.01.2024 14:27:46,Разное,309,
18.01.2024 13:47:25,Тачка ТО,780,Сумка в багажник 
19.01.2024 13:16:24,Донат,1000,На тачку разведке 
20.01.2024 11:35:27,Тачка ТО,2383,
20.01.2024 11:36:43,Тачка ТО,6065,Магнитола
20.01.2024 13:51:07,Психотерапевт,2000,
20.01.2024 13:51:19,Животные,525,
20.01.2024 21:07:12,Продукты,220,
22.01.2024 18:42:34,Тачка ТО,734,
22.01.2024 18:42:48,Тачка ТО,140,
22.01.2024 18:54:14,Одежда Обувь,1200,
22.01.2024 19:01:57,Дом/Быт,773,
22.01.2024 19:09:13,Дом/Быт,578,
22.01.2024 19:28:21,Продукты,1369,
22.01.2024 19:48:39,Продукты,1595,
23.01.2024 11:23:14,Уход/Косметика,6437,
23.01.2024 11:26:58,Уход/Косметика,2653,
23.01.2024 13:43:05,Животные,4576,
23.01.2024 13:43:28,Продукты,264,
23.01.2024 21:33:35,Алик и фигня,260,
24.01.2024 14:31:26,Разное,400,Баня
24.01.2024 15:42:13,Подарки Кому то,409,
24.01.2024 18:55:27,Дом/Быт,1230,
24.01.2024 19:14:15,Психотерапевт,2000,
24.01.2024 19:14:28,Фастфуд,219,
25.01.2024 21:44:25,Продукты,584,
26.01.2024 12:53:24,Личное развитие,9480,Універ 
26.01.2024 15:03:14,Фастфуд,196,
27.01.2024 12:17:40,Разное,300,
27.01.2024 12:17:52,Дом/Быт,120,
27.01.2024 21:30:32,Продукты,380,
28.01.2024 15:04:45,Продукты,147,
28.01.2024 16:03:48,Тачка Бенз,1422,
28.01.2024 16:08:04,Тачка Бенз,740,
29.01.2024 10:56:56,Здоровье,11200,Контактна я лінза
29.01.2024 11:47:23,Разное,13000,Иванна 
29.01.2024 20:21:57,Продукты,790,
29.01.2024 20:33:32,Тачка Бенз,2250,
31.01.2024 15:36:41,Алик и фигня,170,
31.01.2024 18:55:17,Алик и фигня,65,
01.02.2024 12:45:51,Одежда Обувь,884,
01.02.2024 19:24:11,Продукты,450,
02.02.2024 10:22:43,Дом/Быт,500,Инет
02.02.2024 17:54:07,Дом/Быт,246,
02.02.2024 17:55:01,Продукты,4434,
02.02.2024 17:55:39,Животные,1790,
02.02.2024 17:55:54,Здоровье,700,
02.02.2024 17:56:08,Здоровье,825,
02.02.2024 17:56:29,Подарки Кому то,1306,
02.02.2024 17:56:46,Уход/Косметика,519,
02.02.2024 17:57:11,Фастфуд,1019,
02.02.2024 17:57:36,Комуналка,300,
02.02.2024 17:57:55,Разное,1000,Іванні
02.02.2024 18:24:47,Психотерапевт,2000,
02.02.2024 18:27:34,Дом/Быт,1459,
02.02.2024 18:33:22,Комуналка,9946,За два місяці
03.02.2024 12:17:55,Здоровье,500,
03.02.2024 12:18:25,Разное,275,
03.02.2024 12:30:42,Продукты,402,
03.02.2024 17:54:35,Продукты,100,
05.02.2024 12:26:10,Подарки Кому то,537,
05.02.2024 14:07:02,Продукты,1203,
05.02.2024 14:07:16,Животные,730,
07.02.2024 18:54:21,Продукты,430,
07.02.2024 18:54:31,Дом/Быт,812,
08.02.2024 11:47:12,Животные,535,
08.02.2024 11:47:31,Продукты,920,
08.02.2024 11:47:48,Здоровье,179,
08.02.2024 11:48:06,Дом/Быт,100,
08.02.2024 11:48:22,Дом/Быт,425,
08.02.2024 15:04:45,Одежда Обувь,850,
08.02.2024 15:05:16,Фастфуд,165,
08.02.2024 15:05:33,Фастфуд,67,
08.02.2024 15:05:50,Здоровье,395,
09.02.2024 19:11:36,Продукты,805,
09.02.2024 19:19:30,Подарки Кому то,439,
09.02.2024 20:17:00,Психотерапевт,2000,
10.02.2024 14:31:04,Дом/Быт,647,
10.02.2024 14:39:24,Дом/Быт,477,
10.02.2024 14:50:51,Дом/Быт,38,
10.02.2024 15:17:34,Дом/Быт,164,
10.02.2024 15:34:20,Дом/Быт,177,
11.02.2024 20:34:18,Фастфуд,390,
12.02.2024 12:19:11,Продукты,2032,
12.02.2024 12:19:28,Дом/Быт,1426,
12.02.2024 23:33:00,Фастфуд,657,
12.02.2024 23:33:39,Здоровье,1386,
13.02.2024 21:43:13,Продукты,735,
13.02.2024 23:24:29,Донат,500,
15.02.2024 15:31:21,Алик и фигня,288,
15.02.2024 21:32:49,Продукты,708,
16.02.2024 12:46:43,Дом/Быт,18300,Матрас
16.02.2024 16:40:47,Уход/Косметика,250,
17.02.2024 20:11:16,Здоровье,4772,
19.02.2024 19:26:45,Продукты,572,
20.02.2024 14:32:49,Алик и фигня,539,
20.02.2024 21:05:17,Продукты,243,
21.02.2024 15:48:50,Разное,1000,Іванні
21.02.2024 15:49:10,Продукты,282,
21.02.2024 15:49:30,Разное,355,Доставка 
21.02.2024 15:49:42,Продукты,350,
21.02.2024 15:49:56,Разное,345,
21.02.2024 15:50:09,Уход/Косметика,600,
22.02.2024 14:44:45,Дом/Быт,3500,Керхер
22.02.2024 17:53:14,Животные,4232,
22.02.2024 17:53:37,Дом/Быт,108,
22.02.2024 17:53:54,Продукты,1351,
22.02.2024 17:54:10,Продукты,431,
22.02.2024 17:54:28,Продукты,110,
22.02.2024 17:54:49,Продукты,1136,
22.02.2024 17:58:56,Дом/Быт,515,
22.02.2024 18:30:40,Тачка ТО,1620,Масло
22.02.2024 18:43:33,Тачка Бенз,1318,
23.02.2024 14:30:43,Комуналка,1287,Електро одесса
24.02.2024 11:25:54,Разное,1500,Иванна
24.02.2024 21:29:21,Продукты,1070,
25.02.2024 12:49:34,Психотерапевт,2000,
25.02.2024 12:52:34,Дом/Быт,802,
25.02.2024 13:22:18,Подарки Кому то,180,
25.02.2024 13:22:57,Здоровье,503,
25.02.2024 13:27:11,Здоровье,1828,
25.02.2024 13:41:55,Дом/Быт,445,
26.02.2024 12:46:40,Алик и фигня,550,
26.02.2024 12:48:09,Подарки Кому то,682,
26.02.2024 16:19:58,Донат,1000,Лешке и Кентам
27.02.2024 21:32:19,Продукты,581,
28.02.2024 13:25:19,Тачка ТО,4540,Регистратор и масла
28.02.2024 14:00:33,Разное,1000,Иванна
28.02.2024 14:00:44,Разное,2539,
28.02.2024 17:04:28,Фастфуд,448,
29.02.2024 12:28:20,Донат,3000,Влада брательника 
29.02.2024 21:07:52,Продукты,665,
01.03.2024 10:30:52,Продукты,374,
01.03.2024 10:31:02,Психотерапевт,2000,
01.03.2024 10:31:24,Продукты,348,
01.03.2024 10:31:55,Животные,780,
01.03.2024 10:32:09,Фастфуд,80,
01.03.2024 10:32:21,Животные,950,
01.03.2024 10:32:45,Фастфуд,115,
01.03.2024 14:13:10,Уход/Косметика,1998,
01.03.2024 14:18:44,Разное,990,
01.03.2024 23:54:43,Животные,300,
02.03.2024 21:21:28,Продукты,242,
02.03.2024 23:09:18,Дом/Быт,1064,
02.03.2024 23:09:37,Подарки Кому то,150,
02.03.2024 23:09:53,Продукты,1273,
02.03.2024 23:10:06,Здоровье,320,
03.03.2024 12:01:23,Дом/Быт,1218,
03.03.2024 17:52:27,Комуналка,4649,
03.03.2024 17:52:36,Здоровье,700,
03.03.2024 18:49:36,Дом/Быт,1057,
03.03.2024 18:49:46,Фастфуд,49,
03.03.2024 19:13:41,Подарки Кому то,579,
03.03.2024 22:59:17,Подарки Кому то,477,Стим
04.03.2024 10:20:00,Разное,1000,Иванна
04.03.2024 14:03:38,Алик и фигня,880,
04.03.2024 14:03:50,Разное,300,
04.03.2024 16:55:53,Тачка ТО,244,
04.03.2024 17:04:32,Здоровье,700,
04.03.2024 17:04:41,Подарки Кому то,150,
04.03.2024 17:05:30,Дом/Быт,82,
04.03.2024 17:05:44,Животные,635,
04.03.2024 17:05:58,Личное развитие,576,
04.03.2024 17:09:16,Подарки Кому то,23000,"Иванна, подарок на курсы и инструменты"
04.03.2024 17:46:08,Здоровье,498,
05.03.2024 9:13:20,Здоровье,580,
05.03.2024 11:13:18,Продукты,1328,
05.03.2024 11:13:29,Продукты,330,
05.03.2024 14:09:34,Животные,600,
05.03.2024 18:50:26,Разное,100,Доставка
05.03.2024 18:50:48,Дом/Быт,45,
06.03.2024 18:47:55,Продукты,1112,
07.03.2024 15:58:20,Здоровье,595,
07.03.2024 21:39:24,Продукты,517,
09.03.2024 13:27:04,Подарки Кому то,2500,
09.03.2024 13:27:27,Уход/Косметика,2000,Через иванну
09.03.2024 13:27:39,Разное,1000,Иванна
09.03.2024 13:30:03,Донат,2000,
09.03.2024 21:15:27,Продукты,685,
09.03.2024 23:01:08,Разное,500,Димон
10.03.2024 13:22:16,Животные,1090,
10.03.2024 13:22:34,Продукты,192,
10.03.2024 13:23:29,Фастфуд,91,
10.03.2024 13:23:53,Продукты,891,
10.03.2024 13:24:15,Разное,1300,Іванні
10.03.2024 13:24:34,Подарки Кому то,755,
10.03.2024 13:24:44,Подарки Кому то,120,
10.03.2024 13:24:58,Продукты,332,
10.03.2024 13:25:12,Здоровье,1254,
10.03.2024 13:25:38,Дом/Быт,440,
10.03.2024 13:25:55,Подарки Кому то,64,
10.03.2024 13:26:24,Дом/Быт,232,
10.03.2024 13:26:41,Здоровье,521,
11.03.2024 19:28:09,Фастфуд,150,
11.03.2024 19:28:19,Алик и фигня,350,
12.03.2024 21:32:06,Продукты,434,
13.03.2024 12:12:44,Одежда Обувь,570,
13.03.2024 12:16:33,Продукты,60,
13.03.2024 17:33:49,Уход/Косметика,600,
13.03.2024 17:33:58,Психотерапевт,2000,
14.03.2024 0:18:55,Уход/Косметика,2925,
14.03.2024 22:16:01,Продукты,377,
15.03.2024 12:07:44,Дом/Быт,70,
15.03.2024 23:20:02,Продукты,640,
15.03.2024 23:20:29,Продукты,259,
15.03.2024 23:22:47,Разное,143,Доставка
15.03.2024 23:23:05,Дом/Быт,602,
16.03.2024 12:42:44,Дом/Быт,521,
16.03.2024 13:23:46,Дом/Быт,1078,
16.03.2024 13:48:11,Тачка Бенз,1030,
16.03.2024 14:04:54,Дом/Быт,136,
16.03.2024 14:20:05,Одежда Обувь,61,
16.03.2024 17:51:35,Дом/Быт,267,
16.03.2024 22:03:33,Алик и фигня,446,
16.03.2024 22:40:46,Алик и фигня,316,
18.03.2024 15:33:17,Тачка ТО,124,
19.03.2024 14:31:05,Тачка ТО,319,
20.03.2024 20:54:48,Фастфуд,545,
21.03.2024 23:50:23,Разное,125,
21.03.2024 23:50:31,Подарки Кому то,100,
21.03.2024 23:50:58,Подарки Кому то,100,
21.03.2024 23:51:14,Фастфуд,180,
21.03.2024 23:51:36,Продукты,189,
21.03.2024 23:51:58,Разное,40,Доставка
21.03.2024 23:52:11,Продукты,534,
21.03.2024 23:52:33,Разное,78,
21.03.2024 23:53:45,Разное,79,
21.03.2024 23:54:01,Дом/Быт,855,
21.03.2024 23:54:18,Дом/Быт,515,
21.03.2024 23:54:45,Дом/Быт,22,
21.03.2024 23:55:12,Разное,30,
22.03.2024 11:24:53,Разное,1000,Иванна
22.03.2024 14:57:43,Дом/Быт,133,
22.03.2024 14:59:40,Разное,29,
22.03.2024 14:59:51,Подарки Кому то,169,
22.03.2024 15:00:14,Продукты,413,
22.03.2024 15:00:26,Уход/Косметика,300,
22.03.2024 15:00:41,Личное развитие,372,
22.03.2024 15:03:30,Дом/Быт,290,
22.03.2024 15:03:42,Животные,195,
22.03.2024 15:04:02,Продукты,494,
22.03.2024 15:05:07,Подарки Кому то,1253,
22.03.2024 15:06:17,Дом/Быт,172,
22.03.2024 15:06:32,Подарки Кому то,708,
22.03.2024 15:06:42,Дом/Быт,543,
22.03.2024 15:09:44,Дом/Быт,245,
22.03.2024 15:10:07,Продукты,1121,
22.03.2024 15:10:31,Фастфуд,80,
22.03.2024 15:10:40,Продукты,322,
22.03.2024 15:10:51,Животные,491,
22.03.2024 15:11:25,Разное,278,
22.03.2024 15:11:49,Подарки Кому то,800,
22.03.2024 15:12:02,Продукты,484,
22.03.2024 15:13:38,Разное,249,
22.03.2024 15:13:47,Дом/Быт,195,
22.03.2024 15:19:55,Подарки Кому то,254,
24.03.2024 10:50:48,Фастфуд,400,
24.03.2024 10:51:15,Дом/Быт,320,
24.03.2024 15:24:11,Животные,2077,
25.03.2024 13:34:10,Разное,15000,Иванна
25.03.2024 19:55:46,Дом/Быт,1419,
25.03.2024 19:56:29,Дом/Быт,274,
25.03.2024 19:56:54,Подарки Кому то,362,
26.03.2024 12:51:56,Тачка ТО,3678,Виброизоляция
26.03.2024 14:20:42,Разное,80,Доставка
26.03.2024 14:20:56,Фастфуд,160,
26.03.2024 14:21:54,Фастфуд,173,
26.03.2024 14:22:09,Продукты,640,
26.03.2024 14:22:30,Уход/Косметика,230,
26.03.2024 14:22:58,Комуналка,254,
26.03.2024 15:01:33,Разное,260,
26.03.2024 15:03:14,Дом/Быт,260,
28.03.2024 15:49:49,Разное,500,
28.03.2024 15:50:03,Разное,350,Иванна
28.03.2024 17:15:50,Уход/Косметика,150,
28.03.2024 17:16:15,Фастфуд,120,
28.03.2024 17:16:31,Дом/Быт,493,
28.03.2024 17:16:42,Уход/Косметика,300,
28.03.2024 17:16:59,Уход/Косметика,4860,
28.03.2024 17:17:12,Уход/Косметика,2430,
28.03.2024 17:17:37,Уход/Косметика,1343,
28.03.2024 17:18:03,Дом/Быт,138,
28.03.2024 17:18:14,Подарки Кому то,195,
28.03.2024 17:18:34,Здоровье,234,
28.03.2024 17:18:48,Фастфуд,548,
28.03.2024 17:19:00,Здоровье,290,
28.03.2024 17:19:16,Продукты,860,
28.03.2024 19:38:39,Фастфуд,200,
29.03.2024 14:21:53,Уход/Косметика,500,
29.03.2024 14:22:07,Дом/Быт,300,
29.03.2024 23:22:19,Разное,83,Доставка
29.03.2024 23:22:32,Фастфуд,160,
29.03.2024 23:22:46,Продукты,527,
29.03.2024 23:23:01,Дом/Быт,240,
30.03.2024 18:24:25,Фастфуд,448,
30.03.2024 18:54:33,Фастфуд,49,
31.03.2024 10:55:49,Фастфуд,400,
31.03.2024 10:55:58,Дом/Быт,500,
31.03.2024 12:46:08,Уход/Косметика,44,
31.03.2024 12:46:33,Разное,100,Доставка
31.03.2024 12:46:44,Животные,900,
31.03.2024 12:50:15,Тачка Бенз,2930,
31.03.2024 12:54:17,Тачка Бенз,1200,
31.03.2024 13:07:49,Продукты,350,
31.03.2024 21:54:20,Продукты,558,
01.04.2024 15:47:28,Алик и фигня,370,
01.04.2024 20:34:59,Донат,5000,Настя на ноуты
01.04.2024 22:08:58,Животные,3410,
01.04.2024 22:09:14,Животные,450,
01.04.2024 22:18:20,Комуналка,4272,
02.04.2024 15:14:24,Донат,500,
02.04.2024 15:20:53,Алик и фигня,964,
02.04.2024 21:44:08,Продукты,589,
03.04.2024 10:39:32,Уход/Косметика,821,
03.04.2024 10:39:49,Разное,153,Доставка
03.04.2024 20:57:33,Психотерапевт,2000,
04.04.2024 0:16:23,Алик и фигня,158,
04.04.2024 16:10:40,Комуналка,980,Одесса
04.04.2024 20:09:49,Продукты,860,
04.04.2024 20:13:59,Здоровье,545,
04.04.2024 20:21:36,Продукты,657,
05.04.2024 20:10:17,Алик и фигня,471,
05.04.2024 23:08:43,Здоровье,505,
06.04.2024 12:47:17,Дом/Быт,3382,
06.04.2024 13:00:24,Дом/Быт,256,
06.04.2024 13:13:49,Дом/Быт,308,
06.04.2024 21:37:38,Продукты,369,
07.04.2024 10:18:10,Донат,500,
07.04.2024 12:04:46,Разное,332,
07.04.2024 18:05:47,Разное,1088,
07.04.2024 18:14:28,Фастфуд,509,
07.04.2024 22:04:27,Животные,140,
07.04.2024 22:04:49,Личное развитие,590,
07.04.2024 22:05:07,Продукты,763,
07.04.2024 22:05:37,Разное,3000,На памʼятник
07.04.2024 22:06:09,Дом/Быт,99,
07.04.2024 22:06:41,Продукты,870,
08.04.2024 17:44:22,Комуналка,682,
09.04.2024 12:09:14,Продукты,404,
09.04.2024 12:41:23,Здоровье,700,
09.04.2024 15:42:04,Разное,3400,Кальян
09.04.2024 16:35:30,Разное,437,
09.04.2024 23:17:49,Продукты,400,
10.04.2024 8:43:41,Разное,608,Білет на поїзд 
10.04.2024 19:12:05,Психотерапевт,2000,
10.04.2024 21:07:29,Продукты,1113,
11.04.2024 15:26:51,Здоровье,1100,
13.04.2024 17:55:50,Продукты,416,
13.04.2024 19:42:37,Алик и фигня,1375,
13.04.2024 20:00:40,Фастфуд,300,
13.04.2024 21:29:01,Здоровье,3246,Витамины
14.04.2024 16:02:20,Разное,261,
14.04.2024 22:01:42,Разное,1065,Документи 
14.04.2024 22:02:01,Продукты,79,
14.04.2024 22:02:20,Здоровье,1518,
14.04.2024 22:02:37,Продукты,1056,
14.04.2024 22:03:23,Фастфуд,80,
14.04.2024 22:03:38,Продукты,675,
14.04.2024 22:04:18,Дом/Быт,711,
14.04.2024 22:04:50,Животные,2390,
14.04.2024 22:07:00,Комуналка,150,
14.04.2024 22:07:15,Продукты,40,
14.04.2024 22:07:25,Подарки Кому то,90,
14.04.2024 22:08:10,Продукты,400,
14.04.2024 22:09:05,Дом/Быт,128,
14.04.2024 22:09:28,Фастфуд,60,
15.04.2024 13:56:17,Уход/Косметика,300,
15.04.2024 13:57:12,Продукты,228,
16.04.2024 20:35:06,Продукты,360,
16.04.2024 23:34:38,Продукты,100,
17.04.2024 15:44:31,Здоровье,950,
17.04.2024 15:44:56,Здоровье,676,
17.04.2024 15:45:18,Разное,223,Іванні
17.04.2024 15:46:00,Одежда Обувь,394,
17.04.2024 15:46:21,Животные,113,
17.04.2024 15:46:41,Продукты,91,
17.04.2024 15:47:15,Фастфуд,688,
17.04.2024 15:48:08,Фастфуд,390,
17.04.2024 15:48:33,Разное,224,Таксі
17.04.2024 18:38:17,Психотерапевт,2000,
17.04.2024 20:19:19,Разное,2612,Одяг Іванна
17.04.2024 20:19:31,Дом/Быт,480,
17.04.2024 20:22:07,Подарки Кому то,725,
17.04.2024 20:22:17,Разное,40,
17.04.2024 20:22:28,Уход/Косметика,400,
17.04.2024 20:26:12,Уход/Косметика,450,
17.04.2024 20:27:58,Дом/Быт,222,
18.04.2024 20:25:01,Дом/Быт,99,
18.04.2024 20:25:48,Разное,236,
18.04.2024 20:26:11,Дом/Быт,548,
18.04.2024 20:26:59,Подарки Кому то,630,
18.04.2024 20:27:15,Здоровье,130,
18.04.2024 23:14:14,Разное,200,
19.04.2024 17:46:40,Психотерапевт,700,
19.04.2024 17:47:19,Разное,210,Таксі
19.04.2024 17:47:55,Продукты,582,
20.04.2024 9:44:48,Разное,2000,Иванна
20.04.2024 11:58:34,Разное,400,
20.04.2024 18:10:23,Разное,400,Выпуск виртуальной карты
21.04.2024 16:23:46,Продукты,556,
21.04.2024 16:34:26,Продукты,582,
22.04.2024 11:36:08,Дом/Быт,6200,Обогреватель
24.04.2024 21:11:17,Продукты,580,
24.04.2024 21:11:36,Разное,300,
25.04.2024 11:26:06,Психотерапевт,2000,
25.04.2024 11:26:26,Разное,145,Коробки
25.04.2024 11:26:39,Продукты,520,
25.04.2024 11:26:58,Здоровье,144,
25.04.2024 11:27:12,Дом/Быт,80,
25.04.2024 11:27:28,Продукты,906,
25.04.2024 11:27:53,Разное,661,Білет
25.04.2024 15:54:30,Продукты,129,
25.04.2024 18:33:43,Дом/Быт,260,
25.04.2024 23:31:06,Продукты,227,
25.04.2024 23:33:04,Дом/Быт,1399,Праска
25.04.2024 23:34:19,Разное,780,Іванні
25.04.2024 23:41:38,Подарки Кому то,1125,
25.04.2024 23:41:59,Здоровье,78,
25.04.2024 23:42:08,Продукты,22,
25.04.2024 23:43:18,Разное,731,Іванні
25.04.2024 23:43:41,Одежда Обувь,808,
25.04.2024 23:44:47,Разное,702,Іванні
25.04.2024 23:44:57,Уход/Косметика,106,
25.04.2024 23:46:31,Разное,431,Іванні
25.04.2024 23:47:04,Разное,1368,Іванні
26.04.2024 13:39:14,Подарки Кому то,899,
26.04.2024 13:40:02,Разное,671,Іванні
26.04.2024 13:41:25,Дом/Быт,250,
26.04.2024 13:41:39,Разное,300,Іванні
26.04.2024 13:44:06,Здоровье,2500,
26.04.2024 17:57:17,Дом/Быт,600,
26.04.2024 17:57:27,Одежда Обувь,500,
26.04.2024 17:58:04,Разное,847,Іванні
26.04.2024 17:58:26,Продукты,329,
26.04.2024 18:42:10,Разное,287,Таксі
27.04.2024 15:38:15,Подарки Кому то,8000,Колонка
27.04.2024 15:38:29,Животные,2285,
27.04.2024 15:38:48,Разное,150,
27.04.2024 23:46:14,Дом/Быт,39,
27.04.2024 23:46:30,Продукты,1375,
27.04.2024 23:47:24,Продукты,1158,
27.04.2024 23:47:39,Животные,1040,
27.04.2024 23:54:12,Уход/Косметика,1600,
28.04.2024 15:22:44,Алик и фигня,1333,Зарядки
29.04.2024 13:02:57,Дом/Быт,1000,
29.04.2024 22:32:08,Уход/Косметика,2930,
29.04.2024 22:32:37,Животные,510,
29.04.2024 22:32:52,Подарки Кому то,180,
29.04.2024 22:33:24,Здоровье,194,
29.04.2024 22:33:51,Продукты,877,
29.04.2024 22:34:24,Дом/Быт,934,
29.04.2024 22:34:41,Животные,374,
29.04.2024 22:34:59,Уход/Косметика,1051,
30.04.2024 12:20:02,Подарки Кому то,600,
30.04.2024 21:52:08,Продукты,619,
01.05.2024 12:35:45,Здоровье,500,Трен
01.05.2024 14:22:16,Разное,1500,Иванна
01.05.2024 18:22:21,Комуналка,802,Одесса
02.05.2024 11:45:08,Разное,1200,
02.05.2024 15:41:35,Донат,2000,Донат Кирсану
03.05.2024 23:22:13,Личное развитие,5800,Премиум грамарли
04.05.2024 12:27:24,Продукты,500,
04.05.2024 17:18:09,Разное,650,
04.05.2024 20:15:57,Тачка Бенз,1300,
04.05.2024 20:41:38,Продукты,386,
04.05.2024 20:58:53,Разное,70,Доставка
04.05.2024 20:59:11,Психотерапевт,2000,
04.05.2024 20:59:25,Комуналка,160,
04.05.2024 21:00:21,Фастфуд,570,
04.05.2024 21:01:03,Продукты,1587,
04.05.2024 21:02:21,Здоровье,313,
04.05.2024 21:02:39,Дом/Быт,186,
04.05.2024 21:02:51,Животные,300,
04.05.2024 21:04:51,Продукты,1042,
04.05.2024 21:05:05,Здоровье,614,
04.05.2024 21:05:24,Животные,1180,
04.05.2024 21:07:09,Дом/Быт,641,
04.05.2024 21:07:38,Животные,570,
04.05.2024 21:08:44,Уход/Косметика,1052,
04.05.2024 21:09:16,Дом/Быт,300,
04.05.2024 21:09:27,Подарки Кому то,100,
04.05.2024 21:09:43,Продукты,200,
04.05.2024 21:29:28,Комуналка,2559,
04.05.2024 22:23:15,Разное,1550,Лего
06.05.2024 16:25:05,Животные,150,
06.05.2024 16:25:28,Здоровье,1116,
07.05.2024 0:09:46,Подарки Кому то,560,Лего
07.05.2024 11:49:11,Личное развитие,597,
07.05.2024 15:07:45,Подарки Кому то,880,
07.05.2024 21:37:26,Продукты,455,
08.05.2024 18:22:58,Психотерапевт,2000,
08.05.2024 22:10:57,Фастфуд,300,
09.05.2024 12:34:44,Здоровье,700,
09.05.2024 18:47:59,Подарки Кому то,1200,Лего
09.05.2024 21:28:57,Продукты,346,
10.05.2024 20:14:28,Дом/Быт,130,
10.05.2024 20:14:42,Продукты,45,
10.05.2024 20:14:54,Продукты,566,
10.05.2024 20:15:06,Животные,1070,
10.05.2024 20:15:39,Подарки Кому то,774,Мініфігурки
10.05.2024 20:15:50,Разное,99,
10.05.2024 20:16:20,Уход/Косметика,364,
10.05.2024 20:16:38,Дом/Быт,46,
10.05.2024 20:16:51,Здоровье,129,
10.05.2024 20:17:15,Продукты,499,
10.05.2024 20:17:37,Продукты,925,
10.05.2024 20:18:00,Продукты,488,
10.05.2024 20:18:08,Фастфуд,80,
10.05.2024 20:18:22,Животные,1480,
10.05.2024 20:19:05,Дом/Быт,739,
10.05.2024 20:19:42,Дом/Быт,329,
11.05.2024 10:58:31,Разное,350,
11.05.2024 10:58:47,Подарки Кому то,650,Лего
11.05.2024 11:25:18,Продукты,186,
11.05.2024 11:26:40,Разное,105,
11.05.2024 11:26:49,Продукты,365,
12.05.2024 23:58:44,Алик и фигня,233,
14.05.2024 15:54:44,Алик и фигня,2017,Лампа и фигня
14.05.2024 17:01:28,Тачка Бенз,5560,Купоны на газ и бензин
17.05.2024 23:58:48,Здоровье,141,
17.05.2024 23:59:06,Здоровье,690,
17.05.2024 23:59:25,Продукты,152,
17.05.2024 23:59:41,Продукты,99,
17.05.2024 23:59:54,Уход/Косметика,350,
18.05.2024 0:00:08,Животные,805,
18.05.2024 0:00:34,Комуналка,100,
18.05.2024 0:00:44,Психотерапевт,2000,
18.05.2024 0:01:04,Фастфуд,180,
18.05.2024 0:01:20,Фастфуд,110,
18.05.2024 0:01:38,Животные,850,
18.05.2024 0:01:53,Продукты,1006,
18.05.2024 0:02:21,Разное,55,Доставка
18.05.2024 0:02:35,Продукты,770,
18.05.2024 10:03:50,Донат,2000,Настя на Старлинк другу
18.05.2024 17:51:02,Дом/Быт,2087,Разное для дома и котов
20.05.2024 18:14:51,Продукты,772,
20.05.2024 18:15:26,Дом/Быт,329,
20.05.2024 19:09:35,Алик и фигня,344,
20.05.2024 19:09:46,Дом/Быт,450,
21.05.2024 10:19:54,Дом/Быт,310,
22.05.2024 11:55:25,Дом/Быт,1700,Ремонты
22.05.2024 14:41:55,Дом/Быт,150,Книги
22.05.2024 18:50:38,Донат,2000,Тохе от владика
22.05.2024 23:15:55,Дом/Быт,172,
22.05.2024 23:16:35,Уход/Косметика,580,
22.05.2024 23:17:27,Продукты,1052,
22.05.2024 23:17:35,Дом/Быт,73,
22.05.2024 23:17:53,Продукты,180,
22.05.2024 23:18:07,Разное,100,
22.05.2024 23:18:24,Продукты,1045,
22.05.2024 23:18:37,Дом/Быт,518,
22.05.2024 23:19:41,Дом/Быт,602,
22.05.2024 23:20:19,Животные,450,
22.05.2024 23:20:51,Продукты,45,
23.05.2024 14:56:59,Донат,1000,На старлинк
23.05.2024 19:02:18,Дом/Быт,8600,Принтер
23.05.2024 20:15:16,Продукты,298,
23.05.2024 20:15:37,Продукты,103,
23.05.2024 20:15:56,Здоровье,1200,
23.05.2024 20:16:33,Продукты,636,
26.05.2024 0:17:43,Дом/Быт,3085,Швабра
26.05.2024 0:18:18,Подарки Кому то,541,
26.05.2024 0:19:12,Продукты,694,
26.05.2024 0:19:45,Продукты,107,
26.05.2024 0:20:05,Разное,100,
26.05.2024 0:20:18,Дом/Быт,1000,
26.05.2024 12:52:15,Алик и фигня,504,
26.05.2024 13:12:36,Продукты,432,
27.05.2024 12:38:14,Одежда Обувь,1100,Домашние Штаны с Алика
28.05.2024 10:35:05,Дом/Быт,570,Пленка
28.05.2024 13:49:30,Донат,3000,
29.05.2024 0:00:31,Продукты,1146,
29.05.2024 0:00:51,Продукты,178,
29.05.2024 0:01:10,Продукты,167,
29.05.2024 0:01:26,Продукты,1115,
29.05.2024 0:01:52,Животные,1845,
29.05.2024 0:02:17,Дом/Быт,178,
29.05.2024 0:02:47,Дом/Быт,614,
29.05.2024 0:03:02,Продукты,432,
29.05.2024 0:03:46,Дом/Быт,207,
29.05.2024 20:03:48,Фастфуд,578,
30.05.2024 10:45:21,Разное,900,Іванні
30.05.2024 10:46:21,Продукты,555,
30.05.2024 10:47:14,Дом/Быт,1570,Шкаф
30.05.2024 10:47:42,Дом/Быт,500,
30.05.2024 10:48:15,Дом/Быт,3399,Бутербродниця 
30.05.2024 10:48:32,Дом/Быт,1250,
30.05.2024 10:55:05,Психотерапевт,2000,
30.05.2024 15:16:46,Дом/Быт,621,
01.06.2024 13:23:56,Продукты,607,
01.06.2024 23:16:56,Алик и фигня,362,
02.06.2024 0:05:35,Алик и фигня,285,
02.06.2024 11:26:16,Одежда Обувь,380,
02.06.2024 18:53:53,Алик и фигня,233,
02.06.2024 22:49:08,Здоровье,1347,
02.06.2024 22:49:23,Продукты,907,
02.06.2024 22:49:52,Подарки Кому то,1012,
02.06.2024 22:50:17,Продукты,725,
02.06.2024 22:50:54,Дом/Быт,300,
03.06.2024 14:51:34,Фастфуд,120,
03.06.2024 14:51:52,Дом/Быт,240,
03.06.2024 14:52:12,Дом/Быт,141,
03.06.2024 14:52:35,Подарки Кому то,76,
03.06.2024 14:52:52,Одежда Обувь,93,
03.06.2024 14:53:08,Дом/Быт,682,
03.06.2024 14:53:52,Уход/Косметика,4024,
03.06.2024 23:33:49,Разное,190,Доставка
03.06.2024 23:34:03,Фастфуд,152,
04.06.2024 14:09:47,Личное развитие,5000,Cессия
04.06.2024 14:09:58,Здоровье,500,Треша
04.06.2024 14:10:07,Разное,150,Доставка
04.06.2024 23:02:49,Фастфуд,119,
04.06.2024 23:03:06,Фастфуд,125,
04.06.2024 23:03:22,Фастфуд,161,
04.06.2024 23:03:39,Разное,148,Доставка
06.06.2024 23:11:25,Алик и фигня,210,
07.06.2024 11:52:29,Комуналка,150,
07.06.2024 11:52:44,Личное развитие,610,
07.06.2024 11:53:00,Разное,70,Доставка
07.06.2024 11:53:41,Разное,10185,Білети до Німеччини 
07.06.2024 19:59:57,Уход/Косметика,448,
07.06.2024 20:00:19,Дом/Быт,442,
07.06.2024 20:01:09,Фастфуд,618,
07.06.2024 20:01:40,Одежда Обувь,1462,
07.06.2024 20:02:01,Продукты,500,
07.06.2024 20:03:59,Дом/Быт,1000,
07.06.2024 20:04:17,Уход/Косметика,633,
08.06.2024 18:39:38,Дом/Быт,1121,
09.06.2024 14:12:58,Продукты,1357,
09.06.2024 14:21:35,Дом/Быт,32000,Ekoflow
09.06.2024 14:22:05,Фастфуд,69,
10.06.2024 11:24:30,Личное развитие,599,
11.06.2024 19:08:09,Дом/Быт,1855,Стеллаж юск
13.06.2024 21:37:49,Продукты,758,
14.06.2024 19:46:28,Продукты,620,
14.06.2024 19:46:39,Здоровье,490,
14.06.2024 19:47:54,Тачка Бенз,20,
15.06.2024 12:26:46,Алик и фигня,1658,
16.06.2024 14:16:46,Продукты,250,
16.06.2024 14:28:22,Алик и фигня,550,
16.06.2024 16:39:25,Донат,3000,На ремонт тачки
17.06.2024 13:45:16,Алик и фигня,630,
18.06.2024 14:36:38,Дом/Быт,900,Чари и ситинет
18.06.2024 20:35:14,Продукты,423,
19.06.2024 12:44:29,Подарки Кому то,803,
20.06.2024 13:48:46,Дом/Быт,2000,Машинка
21.06.2024 18:52:02,Фастфуд,800,
21.06.2024 18:52:49,Разное,853,
22.06.2024 12:35:10,Алик и фигня,280,
22.06.2024 21:26:53,Продукты,925,
22.06.2024 21:39:02,Продукты,558,
24.06.2024 22:00:24,Фастфуд,302,Пица
25.06.2024 13:00:08,Продукты,836,
25.06.2024 13:44:09,Дом/Быт,864,Синсей
25.06.2024 13:44:24,Фастфуд,363,
25.06.2024 18:39:01,Алик и фигня,170,
25.06.2024 21:28:57,Здоровье,6006,Витамины
26.06.2024 20:28:34,Продукты,866,
27.06.2024 17:31:31,Подарки Кому то,1490,
27.06.2024 17:31:42,Разное,1000,Доставка
27.06.2024 18:37:57,Разное,9857,Мини комп
28.06.2024 10:53:32,Подарки Кому то,706,
28.06.2024 11:47:56,Продукты,5385,
28.06.2024 11:48:28,Фастфуд,1628,
28.06.2024 11:49:34,Дом/Быт,7142,
28.06.2024 11:49:57,Здоровье,2109,
28.06.2024 11:50:50,Животные,6536,
28.06.2024 11:51:05,Подарки Кому то,1250,Стелаж 
28.06.2024 11:51:15,Подарки Кому то,150,
28.06.2024 11:51:28,Уход/Косметика,94,
28.06.2024 11:51:43,Комуналка,350,
28.06.2024 11:51:51,Психотерапевт,4000,
28.06.2024 11:52:05,Разное,180,
28.06.2024 11:52:21,Разное,70,Доставка
28.06.2024 11:52:35,Одежда Обувь,700,
28.06.2024 11:52:48,Личное развитие,609,
28.06.2024 12:10:11,Подарки Кому то,2070,Книжки малим 
28.06.2024 16:12:28,Дом/Быт,350,
28.06.2024 19:38:05,Психотерапевт,2000,
29.06.2024 19:39:20,Продукты,902,
29.06.2024 19:39:37,Продукты,1863,
29.06.2024 19:39:52,Разное,719,Мишка
29.06.2024 19:40:05,Подарки Кому то,245,
29.06.2024 19:40:45,Дом/Быт,92,
29.06.2024 19:40:57,Животные,422,
29.06.2024 19:41:08,Разное,35,
29.06.2024 19:41:31,Разное,2399,Щітка
01.07.2024 12:20:14,Дом/Быт,1000,Машинка
01.07.2024 12:33:32,Дом/Быт,500,Машинка
01.07.2024 12:38:01,Комуналка,4942,
01.07.2024 13:28:33,Подарки Кому то,1355,Подарок димону
01.07.2024 13:43:08,Донат,3000,Саньку Величко на ретранслятор
01.07.2024 15:16:38,Разное,1027,Оперативка
01.07.2024 22:05:39,Продукты,1146,
01.07.2024 22:07:12,Подарки Кому то,1232,
01.07.2024 22:07:28,Подарки Кому то,6477,Фотік
01.07.2024 22:07:58,Животные,1025,
01.07.2024 22:08:12,Животные,1790,
01.07.2024 22:08:28,Продукты,1445,
02.07.2024 13:59:48,Подарки Кому то,785,Маме витамины
03.07.2024 10:59:19,Дом/Быт,1500,ДБЖ для роутера
03.07.2024 11:20:43,Продукты,586,
03.07.2024 11:21:07,Дом/Быт,265,
03.07.2024 11:21:28,Дом/Быт,377,
03.07.2024 12:35:55,Животные,450,
03.07.2024 14:58:04,Алик и фигня,997,Вентилятор и флешки
03.07.2024 21:24:34,Животные,450,
03.07.2024 22:01:57,Психотерапевт,2000,
04.07.2024 14:03:54,Уход/Косметика,450,
04.07.2024 20:47:51,Уход/Косметика,557,
04.07.2024 21:27:10,Продукты,323,
06.07.2024 12:46:18,Одежда Обувь,2530,
06.07.2024 12:46:28,Уход/Косметика,500,
06.07.2024 12:47:21,Продукты,147,
06.07.2024 13:26:31,Личное развитие,613,
06.07.2024 13:27:01,Дом/Быт,900,
06.07.2024 13:27:18,Продукты,150,
06.07.2024 13:27:32,Дом/Быт,168,
06.07.2024 13:28:21,Уход/Косметика,250,
06.07.2024 16:46:11,Донат,4000,Саньку Величко на ретранслятор
06.07.2024 21:11:12,Подарки Кому то,200,Ростик др
06.07.2024 21:11:26,Здоровье,500,Зал
06.07.2024 21:11:41,Разное,300,Телефон
07.07.2024 13:34:18,Разное,1189,Билет в одессу
07.07.2024 18:30:35,Донат,1000,Насте на сбор
08.07.2024 9:30:48,Продукты,123,
08.07.2024 9:31:00,Продукты,60,
08.07.2024 9:31:18,Животные,2765,
08.07.2024 10:05:04,Одежда Обувь,2540,
08.07.2024 16:35:16,Комуналка,1960,Одесса
08.07.2024 17:03:17,Подарки Кому то,625,
09.07.2024 18:42:38,Одежда Обувь,1270,Труселя
09.07.2024 21:09:17,Продукты,330,
11.07.2024 10:48:43,Здоровье,713,
11.07.2024 10:49:26,Разное,399,Косметички в літак 
11.07.2024 10:49:42,Уход/Косметика,300,
11.07.2024 10:50:30,Разное,1000,Купили леї
11.07.2024 10:50:49,Продукты,698,
11.07.2024 10:51:20,Разное,102,Таксі
11.07.2024 10:51:33,Дом/Быт,555,
11.07.2024 10:52:33,Разное,75,Таксі
11.07.2024 10:53:13,Подарки Кому то,259,
11.07.2024 10:54:01,Одежда Обувь,2200,
11.07.2024 10:56:16,Разное,4451,Білет з Франкфурту 
11.07.2024 10:56:37,Разное,788,ЖД білет
11.07.2024 10:56:54,Здоровье,700,
11.07.2024 10:57:39,Разное,153,Таксі
11.07.2024 16:49:15,Разное,175,Почты
13.07.2024 14:27:40,Разное,340,
13.07.2024 14:27:50,Разное,350,
13.07.2024 14:36:46,Продукты,260,
14.07.2024 15:55:27,Продукты,785,
15.07.2024 13:46:54,Разное,300,
15.07.2024 21:13:51,Одежда Обувь,341,
16.07.2024 9:55:30,Продукты,340,
16.07.2024 9:56:13,Подарки Кому то,2736,
16.07.2024 20:56:59,Продукты,719,
17.07.2024 13:39:15,Разное,500,Моб
17.07.2024 18:12:30,Психотерапевт,2000,
17.07.2024 18:47:28,Подарки Кому то,13000,Маме и папе на дры
18.07.2024 14:05:28,Дом/Быт,600,Явир
18.07.2024 18:21:29,Фастфуд,605,
19.07.2024 14:48:02,Алик и фигня,937,Вентиляторы и благовония
20.07.2024 21:48:09,Продукты,583,
20.07.2024 22:01:39,Продукты,600,
21.07.2024 13:15:20,Алик и фигня,661,
21.07.2024 13:15:28,Тачка ТО,300,
21.07.2024 19:26:02,Донат,3600,Помощь спорт залу с экипировкой
22.07.2024 17:55:14,Здоровье,600,
22.07.2024 20:47:41,Одежда Обувь,1600,
25.07.2024 13:06:27,Продукты,340,
25.07.2024 13:06:36,Комуналка,350,
25.07.2024 13:06:55,Разное,2455,Хата в Молдові
25.07.2024 13:07:12,Разное,400,Таксі в Молдові
25.07.2024 13:08:26,Разное,4200,Відала Бубнам за кафе та інше 
25.07.2024 13:08:56,Подарки Кому то,2734,Lego
25.07.2024 13:09:13,Дом/Быт,1386,
25.07.2024 13:10:32,Дом/Быт,938,
25.07.2024 13:10:46,Продукты,605,
25.07.2024 13:11:37,Продукты,2080,
25.07.2024 13:11:58,Подарки Кому то,1328,Disney
25.07.2024 13:12:24,Подарки Кому то,3069,Disney
25.07.2024 13:12:44,Подарки Кому то,2541,Lego
25.07.2024 13:13:01,Разное,1834,Атракціон
25.07.2024 13:13:24,Комуналка,210,
25.07.2024 13:13:38,Разное,69,
25.07.2024 13:13:54,Одежда Обувь,1144,
25.07.2024 13:14:14,Личное развитие,1506,
25.07.2024 13:14:33,Дом/Быт,976,
25.07.2024 13:14:54,Подарки Кому то,1489,Парфум Сашці
25.07.2024 13:15:44,Уход/Косметика,1490,Парфум Біллі
25.07.2024 13:16:04,Уход/Косметика,1832,Парфум СК
25.07.2024 13:16:17,Уход/Косметика,270,
25.07.2024 13:16:51,Продукты,936,
25.07.2024 13:18:05,Комуналка,170,
25.07.2024 13:18:23,Разное,215,Доставка
25.07.2024 13:18:37,Продукты,70,
25.07.2024 13:18:45,Фастфуд,71,
25.07.2024 13:19:14,Здоровье,1205,Ліки для Іванни
25.07.2024 13:19:33,Здоровье,830,
25.07.2024 13:19:49,Разное,135,Таксі
25.07.2024 13:20:05,Уход/Косметика,128,
25.07.2024 13:20:24,Продукты,270,
25.07.2024 13:20:37,Разное,750,Гра
25.07.2024 13:20:54,Подарки Кому то,1490,Зі Львова
25.07.2024 13:23:02,Подарки Кому то,2270,Футболка Іванні
26.07.2024 18:45:39,Здоровье,200,
26.07.2024 18:47:13,Разное,8679,Ссд для пс5
26.07.2024 19:14:30,Продукты,973,
26.07.2024 19:23:59,Продукты,341,
27.07.2024 11:44:35,Дом/Быт,205,
27.07.2024 12:21:51,Одежда Обувь,432,
27.07.2024 12:21:59,Дом/Быт,291,
27.07.2024 12:31:34,Здоровье,911,
28.07.2024 18:18:52,Алик и фигня,288,
29.07.2024 12:32:07,Донат,200,
30.07.2024 17:21:10,Разное,461,
01.08.2024 10:41:58,Разное,3163,
01.08.2024 16:17:19,Донат,10000,"На ремонт тачек для Жени, Влада кореша"
01.08.2024 16:29:43,Комуналка,2626,
01.08.2024 16:30:08,Уход/Косметика,6325,
01.08.2024 16:30:25,Уход/Косметика,1685,
01.08.2024 16:30:42,Уход/Косметика,3843,
01.08.2024 16:30:58,Здоровье,1000,
01.08.2024 16:31:06,Уход/Косметика,450,
01.08.2024 16:32:08,Продукты,899,
01.08.2024 16:32:36,Дом/Быт,191,
01.08.2024 16:32:53,Уход/Косметика,626,
01.08.2024 16:33:06,Продукты,1312,
01.08.2024 16:33:25,Продукты,57,
01.08.2024 16:33:44,Разное,240,Доставка
01.08.2024 16:34:07,Разное,300,Таксі
01.08.2024 16:34:42,Продукты,291,
01.08.2024 16:34:55,Разное,50,
01.08.2024 16:35:28,Продукты,163,
01.08.2024 16:35:52,Дом/Быт,2039,Jysk
01.08.2024 16:36:07,Подарки Кому то,1352,
01.08.2024 16:36:46,Дом/Быт,268,
01.08.2024 16:37:54,Подарки Кому то,298,
01.08.2024 16:38:10,Разное,90,Таксі
01.08.2024 16:38:20,Фастфуд,501,
01.08.2024 16:39:10,Разное,2020,Білети
01.08.2024 16:41:07,Одежда Обувь,798,
01.08.2024 16:41:22,Продукты,811,
01.08.2024 16:41:40,Разное,336,
01.08.2024 16:42:04,Одежда Обувь,1056,
01.08.2024 17:11:48,Разное,2099,Праска
01.08.2024 17:12:37,Дом/Быт,304,
01.08.2024 17:39:25,Здоровье,300,
01.08.2024 18:14:02,Продукты,239,
01.08.2024 18:14:51,Продукты,108,
01.08.2024 18:16:07,Здоровье,526,
01.08.2024 18:16:56,Продукты,165,
01.08.2024 18:42:01,Разное,1078,
01.08.2024 18:56:28,Алик и фигня,1371,Витринные боксы
02.08.2024 13:43:19,Психотерапевт,2000,
02.08.2024 18:46:40,Продукты,134,
02.08.2024 18:46:58,Разное,78,Доставка
05.08.2024 20:53:18,Продукты,544,
08.08.2024 0:25:15,Животные,3872,
08.08.2024 0:25:49,Продукты,1296,
08.08.2024 0:26:11,Продукты,1364,
08.08.2024 0:26:55,Фастфуд,253,
08.08.2024 0:27:29,Личное развитие,622,
08.08.2024 0:27:53,Уход/Косметика,250,
09.08.2024 1:08:11,Дом/Быт,1057,
09.08.2024 1:08:28,Дом/Быт,182,
09.08.2024 1:08:52,Продукты,434,
09.08.2024 1:09:22,Подарки Кому то,1100,
09.08.2024 1:09:39,Продукты,1702,
09.08.2024 1:11:10,Подарки Кому то,1825,Вечеря с бабусею
10.08.2024 13:09:42,Дом/Быт,3150,
10.08.2024 13:09:54,Разное,500,
11.08.2024 19:16:12,Уход/Косметика,980,
11.08.2024 19:16:21,Психотерапевт,2000,
11.08.2024 19:16:43,Дом/Быт,621,Ящик
11.08.2024 19:17:34,Дом/Быт,1900,
11.08.2024 19:17:55,Одежда Обувь,830,
11.08.2024 23:24:06,Дом/Быт,1684,
13.08.2024 20:27:27,Продукты,578,
14.08.2024 19:28:04,Тачка Бенз,850,
15.08.2024 20:31:23,Продукты,538,
17.08.2024 11:57:27,Здоровье,2512,
19.08.2024 11:30:58,Дом/Быт,1500,Рамки
19.08.2024 11:34:05,Личное развитие,2000,Стедикам
19.08.2024 11:34:24,Алик и фигня,1200,
19.08.2024 20:42:53,Продукты,840,
20.08.2024 0:18:18,Фастфуд,210,
20.08.2024 0:20:12,Дом/Быт,1305,
20.08.2024 0:20:33,Здоровье,919,
20.08.2024 0:20:50,Разное,39,
20.08.2024 0:21:11,Продукты,882,
20.08.2024 0:27:21,Животные,300,
20.08.2024 0:27:42,Разное,20,Доставка
20.08.2024 0:27:57,Продукты,646,
20.08.2024 0:28:15,Фастфуд,452,
20.08.2024 0:28:52,Продукты,404,
20.08.2024 0:29:11,Подарки Кому то,1160,Квіти
20.08.2024 0:29:41,Разное,358,
20.08.2024 0:31:13,Уход/Косметика,534,
20.08.2024 0:32:47,Уход/Косметика,882,
20.08.2024 0:37:46,Дом/Быт,683,Наматрацник 
20.08.2024 20:47:28,Продукты,390,
22.08.2024 18:35:18,Алик и фигня,1518,Всякое разное для дома и фигня
23.08.2024 8:22:41,Психотерапевт,2000,
23.08.2024 8:23:53,Продукты,1087,
23.08.2024 8:24:38,Продукты,949,
23.08.2024 8:24:53,Животные,1070,
23.08.2024 21:45:19,Фастфуд,659,Камелот
24.08.2024 13:10:15,Разное,147,
24.08.2024 16:50:28,Дом/Быт,1500,Лампочки в одессу
24.08.2024 20:51:20,Продукты,1125,
25.08.2024 10:56:39,Разное,200,Киевстар
25.08.2024 12:07:25,Донат,936,В зал бытовуха
25.08.2024 12:13:05,Донат,129,
25.08.2024 12:25:15,Продукты,174,
25.08.2024 12:38:28,Продукты,503,
25.08.2024 13:13:04,Донат,4400,Донат рады в зал
27.08.2024 20:47:36,Продукты,348,
28.08.2024 16:07:44,Личное развитие,1660,
28.08.2024 16:08:34,Комуналка,200,
28.08.2024 16:09:11,Животные,2910,
28.08.2024 16:09:27,Продукты,894,
28.08.2024 16:09:40,Фастфуд,285,
28.08.2024 16:09:58,Дом/Быт,44,
28.08.2024 16:10:22,Животные,296,
28.08.2024 16:10:39,Продукты,274,
28.08.2024 16:11:03,Разное,1236,Білет на автобус 
28.08.2024 16:11:24,Разное,430,Таксі
28.08.2024 16:11:45,Продукты,815,
28.08.2024 16:12:13,Фастфуд,995,
28.08.2024 16:13:06,Уход/Косметика,1566,Сонцезахист 
28.08.2024 16:13:27,Разное,62,
28.08.2024 16:13:43,Дом/Быт,499,Плед
28.08.2024 16:14:02,Здоровье,83,
28.08.2024 16:14:50,Здоровье,178,Іванні на ліки
28.08.2024 16:14:58,Здоровье,42,
28.08.2024 16:15:50,Разное,50,Донат
28.08.2024 16:16:20,Дом/Быт,115,
28.08.2024 16:16:30,Подарки Кому то,250,
28.08.2024 16:18:48,Подарки Кому то,708,
28.08.2024 16:19:00,Одежда Обувь,550,
28.08.2024 16:20:04,Дом/Быт,1786,Декор осінній
28.08.2024 16:21:52,Подарки Кому то,530,
28.08.2024 16:29:57,Подарки Кому то,559,
28.08.2024 16:31:21,Дом/Быт,1769,Посуд
28.08.2024 16:32:41,Личное развитие,1060,
28.08.2024 16:32:59,Разное,75,Листівки
28.08.2024 16:33:11,Подарки Кому то,150,
29.08.2024 14:06:15,Здоровье,2055,
29.08.2024 14:19:56,Разное,265,Таксі
29.08.2024 16:29:50,Продукты,59,
29.08.2024 18:05:12,Подарки Кому то,930,
29.08.2024 20:41:25,Продукты,586,
29.08.2024 23:34:15,Разное,2292,Білети 
29.08.2024 23:34:58,Разное,1699,Навушники 
30.08.2024 13:59:31,Дом/Быт,1500,Интернет
30.08.2024 16:14:42,Здоровье,990,
30.08.2024 16:15:06,Дом/Быт,127,
30.08.2024 16:15:27,Дом/Быт,440,Лампочки в квартиру 
30.08.2024 16:15:43,Разное,95,Коробки
30.08.2024 16:15:57,Продукты,559,
30.08.2024 19:50:59,Уход/Косметика,81,
31.08.2024 9:07:07,Здоровье,685,
31.08.2024 9:29:02,Фастфуд,114,
31.08.2024 13:07:02,Здоровье,1309,
31.08.2024 13:31:08,Разное,2000,Lego
31.08.2024 13:59:13,Дом/Быт,130,
31.08.2024 18:50:29,Фастфуд,803,
31.08.2024 18:50:55,Разное,283,Таксі
31.08.2024 18:51:12,Разное,100,
31.08.2024 18:51:28,Личное развитие,600,
31.08.2024 22:10:03,Продукты,240,
31.08.2024 22:11:22,Дом/Быт,300,Квартира
31.08.2024 22:12:22,Дом/Быт,940,
01.09.2024 11:42:07,Разное,1207,
01.09.2024 18:06:37,Фастфуд,357,
01.09.2024 18:06:55,Разное,280,Доставка
01.09.2024 18:07:19,Разное,83,Таксі
01.09.2024 19:00:28,Разное,337,Таксі
02.09.2024 10:42:49,Подарки Кому то,800,
02.09.2024 14:30:04,Алик и фигня,481,Фигня аликовская
03.09.2024 11:01:28,Алик и фигня,450,
03.09.2024 12:49:13,Животные,800,
03.09.2024 17:02:42,Здоровье,500,Зал
03.09.2024 20:33:52,Продукты,618,
05.09.2024 14:03:50,Разное,2000,Пробивка по базам
06.09.2024 11:30:53,Дом/Быт,336,
06.09.2024 16:09:28,Подарки Кому то,1480,
06.09.2024 22:11:41,Психотерапевт,2000,
06.09.2024 22:11:57,Фастфуд,293,
06.09.2024 22:12:14,Животные,1525,
06.09.2024 22:13:55,Животные,80,
06.09.2024 22:14:21,Личное развитие,600,
06.09.2024 22:14:42,Комуналка,200,
06.09.2024 22:15:33,Здоровье,700,
06.09.2024 22:15:50,Фастфуд,160,
06.09.2024 22:16:09,Животные,1070,
06.09.2024 22:16:34,Животные,446,
06.09.2024 22:16:49,Разное,50,
06.09.2024 22:17:32,Здоровье,418,
06.09.2024 22:18:13,Здоровье,524,
06.09.2024 22:18:40,Продукты,1135,
06.09.2024 22:18:58,Здоровье,310,
06.09.2024 22:19:21,Продукты,1031,
06.09.2024 22:19:51,Животные,800,
07.09.2024 21:25:37,Фастфуд,1280,
08.09.2024 8:21:34,Разное,879,Водійське посвідчення 
08.09.2024 13:58:01,Продукты,1356,
08.09.2024 23:46:12,Донат,3000,
09.09.2024 0:38:51,Разное,250,Каяки
09.09.2024 22:03:34,Личное развитие,600,
11.09.2024 11:09:27,Животные,220,
11.09.2024 11:09:42,Продукты,878,
11.09.2024 11:09:57,Разное,122,
11.09.2024 11:10:14,Животные,245,
11.09.2024 11:10:38,Разное,523,Іванні
11.09.2024 14:02:09,Продукты,176,
12.09.2024 13:19:38,Разное,500,
12.09.2024 20:39:27,Продукты,560,
13.09.2024 20:27:44,Продукты,1113,
13.09.2024 20:27:53,Фастфуд,520,
14.09.2024 9:49:22,Уход/Косметика,450,
14.09.2024 13:40:41,Здоровье,2500,Витамины
16.09.2024 0:25:00,Разное,664,Квиток
16.09.2024 0:25:20,Фастфуд,175,
16.09.2024 0:26:32,Фастфуд,483,
16.09.2024 0:31:37,Разное,600,Іванні
16.09.2024 0:31:58,Уход/Косметика,192,
16.09.2024 0:32:18,Фастфуд,638,
16.09.2024 0:32:58,Дом/Быт,1657,Декор
16.09.2024 0:33:10,Разное,600,Іванні
16.09.2024 0:33:35,Тачка Бенз,1533,
16.09.2024 0:33:52,Дом/Быт,1419,
16.09.2024 17:25:54,Подарки Кому то,8280,Билеты на имеджин драгонс
16.09.2024 18:29:09,Личное развитие,9480,Универ
17.09.2024 15:38:43,Фастфуд,74,
17.09.2024 15:39:07,Дом/Быт,506,Будівництво 
17.09.2024 20:18:22,Продукты,685,
17.09.2024 20:28:09,Подарки Кому то,1500,
17.09.2024 20:28:17,Дом/Быт,1000,
17.09.2024 20:28:27,Животные,300,
17.09.2024 20:28:36,Разное,600,
18.09.2024 14:30:37,Подарки Кому то,2730,Подарунок Богдані
18.09.2024 17:06:14,Психотерапевт,2000,
18.09.2024 17:07:32,Личное развитие,600,
18.09.2024 23:31:47,Подарки Кому то,1847,Табак и лимону и Вадиму подарок
19.09.2024 12:49:01,Животные,1850,
19.09.2024 14:10:19,Одежда Обувь,580,
19.09.2024 16:15:16,Продукты,110,
19.09.2024 21:49:03,Продукты,757,
19.09.2024 21:49:33,Продукты,400,
20.09.2024 21:55:01,Продукты,872,
20.09.2024 22:13:52,Одежда Обувь,331,
20.09.2024 22:14:20,Фастфуд,387,
20.09.2024 22:14:42,Разное,154,
20.09.2024 22:14:54,Подарки Кому то,210,
22.09.2024 13:49:04,Дом/Быт,323,
22.09.2024 13:49:27,Дом/Быт,386,
23.09.2024 15:15:32,Алик и фигня,688,
24.09.2024 20:45:11,Продукты,859,
25.09.2024 13:22:24,Здоровье,1997,Витамині
25.09.2024 22:38:41,Фастфуд,2400,
25.09.2024 23:22:22,Фастфуд,500,
26.09.2024 16:35:28,Комуналка,1000,Охрана
26.09.2024 20:33:45,Продукты,1603,
27.09.2024 22:53:29,Продукты,500,
28.09.2024 15:42:44,Донат,1000,Pm day
29.09.2024 9:39:24,Донат,500,
29.09.2024 9:47:08,Продукты,1508,
29.09.2024 9:47:26,Дом/Быт,169,Порошок
29.09.2024 9:48:07,Уход/Косметика,4001,
29.09.2024 9:48:20,Психотерапевт,2000,
29.09.2024 9:48:35,Личное развитие,600,
29.09.2024 9:49:16,Животные,2621,
29.09.2024 9:49:47,Фастфуд,859,
29.09.2024 9:51:19,Разное,389,Іванні
29.09.2024 9:52:00,Дом/Быт,2422,
29.09.2024 9:52:35,Разное,1224,Квитки
29.09.2024 9:52:57,Подарки Кому то,86,
29.09.2024 11:14:58,Подарки Кому то,889,
29.09.2024 11:32:40,Продукты,2220,
29.09.2024 13:31:24,Дом/Быт,690,
29.09.2024 21:09:47,Животные,286,
29.09.2024 21:10:03,Подарки Кому то,500,Хризантеми 
29.09.2024 21:10:28,Дом/Быт,191,
29.09.2024 21:10:43,Уход/Косметика,99,
29.09.2024 21:10:59,Разное,78,Доставка
29.09.2024 21:11:45,Продукты,160,
30.09.2024 16:17:30,Алик и фигня,1024,
01.10.2024 14:25:56,Уход/Косметика,1502,
01.10.2024 14:26:08,Фастфуд,196,
01.10.2024 14:26:20,Фастфуд,160,
01.10.2024 14:26:37,Тачка Бенз,1491,
01.10.2024 14:26:55,Уход/Косметика,650,
01.10.2024 14:45:19,Донат,4000,
01.10.2024 15:16:14,Комуналка,3000,Одесса 
01.10.2024 20:27:34,Продукты,480,
01.10.2024 21:40:21,Животные,820,
01.10.2024 21:40:37,Продукты,551,
01.10.2024 21:40:48,Дом/Быт,94,
01.10.2024 21:41:04,Подарки Кому то,250,Квіти
01.10.2024 21:41:22,Продукты,275,
01.10.2024 21:43:11,Продукты,209,
01.10.2024 21:43:28,Дом/Быт,260,
01.10.2024 21:43:54,Продукты,570,
01.10.2024 21:44:14,Продукты,990,
01.10.2024 21:45:23,Уход/Косметика,1502,
01.10.2024 21:45:54,Разное,386,Іванні
01.10.2024 21:46:27,Уход/Косметика,763,
01.10.2024 23:45:40,Комуналка,5771,За два місяці
03.10.2024 13:32:38,Животные,300,
03.10.2024 17:12:57,Дом/Быт,1746,Кирпич
03.10.2024 18:25:49,Дом/Быт,268,
03.10.2024 20:40:19,Донат,5000,
03.10.2024 23:05:23,Продукты,399,
04.10.2024 10:45:13,Животные,500,
04.10.2024 14:53:56,Алик и фигня,1663,
04.10.2024 21:18:46,Продукты,567,
04.10.2024 21:59:52,Продукты,271,
04.10.2024 22:00:04,Комуналка,50,
04.10.2024 22:00:34,Уход/Косметика,9766,
04.10.2024 22:01:05,Здоровье,1635,
04.10.2024 22:02:42,Личное развитие,503,
05.10.2024 1:32:50,Уход/Косметика,779,
05.10.2024 12:37:45,Дом/Быт,322,
06.10.2024 0:22:37,Дом/Быт,810,
06.10.2024 13:15:11,Уход/Косметика,779,
06.10.2024 13:15:45,Животные,1400,
06.10.2024 13:16:04,Дом/Быт,402,
07.10.2024 21:26:42,Продукты,1273,
07.10.2024 21:27:10,Разное,200,Іванна
07.10.2024 21:27:26,Дом/Быт,225,
07.10.2024 21:28:25,Продукты,1380,
07.10.2024 21:28:37,Дом/Быт,129,
07.10.2024 21:28:52,Разное,90,Доставка
08.10.2024 16:56:06,Дом/Быт,14000,Кухня
09.10.2024 0:14:55,Подарки Кому то,1550,
09.10.2024 0:15:21,Разное,286,Доставка
09.10.2024 0:15:39,Животные,2033,
09.10.2024 0:15:57,Разное,1000,Іванна
09.10.2024 0:16:17,Продукты,1044,
09.10.2024 12:08:55,Алик и фигня,505,
10.10.2024 0:06:41,Дом/Быт,200,
10.10.2024 0:07:16,Дом/Быт,412,
10.10.2024 0:07:40,Разное,80,Доставка
10.10.2024 0:09:23,Разное,360,Іванні
10.10.2024 0:09:31,Дом/Быт,200,
10.10.2024 0:10:05,Подарки Кому то,210,
10.10.2024 0:11:37,Продукты,200,
10.10.2024 13:15:42,Дом/Быт,5213,
10.10.2024 15:29:54,Дом/Быт,550,
10.10.2024 15:30:13,Дом/Быт,5200,Розетка заказ домой
12.10.2024 20:44:18,Продукты,814,
14.10.2024 19:24:40,Фастфуд,1111,
14.10.2024 19:25:27,Разное,440,Іванні
14.10.2024 19:25:45,Фастфуд,50,
14.10.2024 19:35:20,Психотерапевт,2000,
14.10.2024 19:35:33,Личное развитие,600,
14.10.2024 19:36:33,Дом/Быт,2795,Фарба
14.10.2024 19:37:02,Фастфуд,540,
14.10.2024 19:37:32,Разное,570,
14.10.2024 19:38:02,Разное,88,Доставка
14.10.2024 19:38:17,Продукты,284,
14.10.2024 19:39:48,Подарки Кому то,1198,Мамі
14.10.2024 19:39:59,Уход/Косметика,300,
14.10.2024 19:41:17,Разное,112,Іванні 
14.10.2024 19:41:46,Одежда Обувь,1320,
14.10.2024 19:42:25,Дом/Быт,272,
14.10.2024 23:48:58,Одежда Обувь,2100,
15.10.2024 13:01:51,Животные,1000,
15.10.2024 17:52:11,Личное развитие,600,
15.10.2024 20:39:38,Продукты,969,
16.10.2024 13:26:39,Животные,1564,
16.10.2024 13:27:01,Животные,540,
17.10.2024 20:26:27,Продукты,544,
18.10.2024 19:07:58,Продукты,932,
19.10.2024 17:35:10,Алик и фигня,1000,
19.10.2024 17:35:19,Продукты,2088,
19.10.2024 17:35:50,Дом/Быт,166,
19.10.2024 17:41:53,Продукты,880,
20.10.2024 20:49:18,Алик и фигня,570,
21.10.2024 13:53:54,Разное,1500,Табаки
21.10.2024 20:34:48,Одежда Обувь,473,
21.10.2024 20:37:43,Личное развитие,400,
21.10.2024 20:49:55,Подарки Кому то,625,
21.10.2024 20:50:58,Животные,1119,
21.10.2024 20:51:51,Продукты,229,
21.10.2024 20:55:01,Дом/Быт,155,
21.10.2024 20:55:26,Животные,300,
21.10.2024 20:56:11,Разное,140,Доставка
21.10.2024 20:58:59,Фастфуд,984,
21.10.2024 21:00:08,Уход/Косметика,550,
21.10.2024 21:10:04,Психотерапевт,2000,
22.10.2024 20:34:45,Продукты,560,
23.10.2024 13:45:44,Личное развитие,400,
23.10.2024 15:58:53,Личное развитие,600,
23.10.2024 16:42:25,Разное,340,Ремонт одягу
24.10.2024 20:51:21,Продукты,550,
24.10.2024 22:12:36,Разное,113,Доставка
24.10.2024 22:12:56,Одежда Обувь,615,
24.10.2024 22:13:35,Комуналка,200,
24.10.2024 22:14:24,Тачка Бенз,3634,
25.10.2024 23:09:05,Продукты,2616,
25.10.2024 23:09:28,Продукты,68,
27.10.2024 17:56:14,Продукты,161,
27.10.2024 17:56:30,Продукты,388,
27.10.2024 18:09:30,Продукты,709,
27.10.2024 22:48:20,Уход/Косметика,2918,
27.10.2024 22:48:37,Дом/Быт,1927,
27.10.2024 22:48:46,Подарки Кому то,550,
29.10.2024 10:41:02,Фастфуд,950,
29.10.2024 16:43:25,Фастфуд,330,
29.10.2024 16:43:35,Личное развитие,600,
29.10.2024 16:43:52,Разное,93,Доставка
29.10.2024 16:50:43,Разное,1600,Зйомка
29.10.2024 20:59:55,Продукты,616,
30.10.2024 10:30:10,Разное,500,
30.10.2024 13:01:19,Уход/Косметика,1640,
30.10.2024 17:45:48,Психотерапевт,2000,
30.10.2024 17:46:35,Животные,1930,
31.10.2024 20:42:32,Продукты,1116,
31.10.2024 22:51:43,Алик и фигня,4928,Камера и Алик ништяки
01.11.2024 11:34:08,Продукты,267,
01.11.2024 11:34:33,Продукты,735,
01.11.2024 11:34:49,Разное,88,Доставка
01.11.2024 11:35:17,Дом/Быт,224,
01.11.2024 11:37:59,Здоровье,700,
02.11.2024 13:20:19,Подарки Кому то,3800,
02.11.2024 13:20:42,Дом/Быт,1000,
02.11.2024 22:22:38,Дом/Быт,2500,
03.11.2024 21:39:04,Фастфуд,723,
04.11.2024 11:54:12,Здоровье,500,
06.11.2024 1:05:17,Разное,500,
07.11.2024 12:13:53,Дом/Быт,750,
07.11.2024 21:26:59,Продукты,2166,
07.11.2024 21:27:11,Личное развитие,400,
07.11.2024 21:27:25,Комуналка,4883,
07.11.2024 21:27:36,Здоровье,941,
07.11.2024 21:27:52,Животные,6880,
07.11.2024 21:28:46,Дом/Быт,1817,
07.11.2024 21:28:57,Разное,290,
07.11.2024 21:29:11,Психотерапевт,2000,
09.11.2024 1:23:25,Здоровье,1581,
09.11.2024 1:24:03,Фастфуд,1659,
09.11.2024 1:25:09,Разное,573,
09.11.2024 1:25:40,Продукты,2388,
09.11.2024 1:26:13,Животные,750,
09.11.2024 1:26:53,Дом/Быт,1538,
09.11.2024 1:28:01,Продукты,1020,
10.11.2024 16:18:37,Дом/Быт,8200,Для кухни
12.11.2024 10:35:56,Донат,6000,На зал доброе дело
12.11.2024 21:51:21,Продукты,1070,
12.11.2024 21:51:43,Продукты,300,
12.11.2024 23:54:14,Здоровье,1928,
13.11.2024 11:39:46,Подарки Кому то,460,
13.11.2024 11:39:59,Продукты,42,
13.11.2024 11:40:41,Здоровье,279,
15.11.2024 15:51:12,Комуналка,2000,Коммуналка одесса
16.11.2024 10:17:39,Донат,500,
16.11.2024 13:02:09,Подарки Кому то,3912,
16.11.2024 13:07:11,Подарки Кому то,3000,
17.11.2024 0:17:42,Продукты,1016,
17.11.2024 20:35:03,Уход/Косметика,500,
17.11.2024 21:31:23,Подарки Кому то,990,
18.11.2024 10:35:51,Разное,1750,
18.11.2024 13:44:05,Фастфуд,2150,
19.11.2024 21:41:15,Продукты,1010,
19.11.2024 21:41:26,Донат,4500,
20.11.2024 11:07:42,Подарки Кому то,1928,
23.11.2024 12:12:45,Дом/Быт,1066,
23.11.2024 18:12:27,Дом/Быт,4500,Кухня
23.11.2024 21:40:52,Донат,5000,Саньку на службу
25.11.2024 15:45:47,Дом/Быт,1894,Матрас и по дому
25.11.2024 15:51:14,Алик и фигня,960,
25.11.2024 18:44:49,Дом/Быт,3054,Кран
25.11.2024 18:55:31,Продукты,492,
26.11.2024 10:14:54,Донат,4366,Саньку закрыли банку
26.11.2024 13:16:40,Алик и фигня,1300,
26.11.2024 13:16:48,Алик и фигня,1700,
26.11.2024 22:35:57,Продукты,557,
26.11.2024 22:36:08,Подарки Кому то,2000,
26.11.2024 22:36:29,Одежда Обувь,4238,Борцовки
28.11.2024 14:25:50,Продукты,7776,
28.11.2024 14:26:32,Разное,499,Доставка
28.11.2024 14:30:39,Дом/Быт,10046,
28.11.2024 14:34:11,Уход/Косметика,8563,
28.11.2024 14:37:55,Подарки Кому то,12634,
28.11.2024 14:38:42,Фастфуд,2098,
28.11.2024 14:39:08,Разное,500,Таксі
28.11.2024 14:39:51,Разное,821,
28.11.2024 14:40:15,Разное,990,Гра
28.11.2024 14:40:54,Личное развитие,2130,
28.11.2024 14:41:21,Одежда Обувь,1821,
28.11.2024 14:42:06,Животные,6526,
28.11.2024 14:42:47,Тачка Бенз,1780,
28.11.2024 14:42:58,Психотерапевт,2000,
28.11.2024 14:43:21,Здоровье,359,
28.11.2024 19:00:43,Разное,150,
28.11.2024 20:22:43,Продукты,859,
28.11.2024 20:31:14,Продукты,548,
28.11.2024 22:44:15,Разное,350,Іванні
28.11.2024 22:44:26,Дом/Быт,1000,
29.11.2024 18:05:31,Животные,472,
29.11.2024 18:06:05,Одежда Обувь,183,
29.11.2024 18:06:31,Дом/Быт,119,
29.11.2024 18:07:12,Дом/Быт,319,
29.11.2024 18:07:35,Животные,2926,
29.11.2024 18:07:53,Разное,369,
29.11.2024 18:08:12,Продукты,2700,На ДР
29.11.2024 18:08:29,Разное,306,
29.11.2024 18:08:54,Одежда Обувь,784,
29.11.2024 18:53:45,Одежда Обувь,9070,
30.11.2024 14:14:32,Продукты,2167,
30.11.2024 14:15:49,Разное,667,
02.12.2024 15:42:31,Здоровье,280,
02.12.2024 15:42:58,Фастфуд,905,
04.12.2024 14:45:19,Личное развитие,600,
04.12.2024 20:43:44,Донат,10000,Сане на тачку
05.12.2024 11:35:44,Психотерапевт,2000,
05.12.2024 18:03:22,Продукты,900,
05.12.2024 18:03:36,Уход/Косметика,282,
05.12.2024 18:04:20,Дом/Быт,129,
05.12.2024 18:04:32,Продукты,78,
05.12.2024 19:29:01,Продукты,1780,
06.12.2024 22:59:29,Разное,600,
07.12.2024 16:06:37,Дом/Быт,500,
07.12.2024 20:34:08,Продукты,738,
08.12.2024 1:11:47,Уход/Косметика,1687,
08.12.2024 1:12:04,Уход/Косметика,300,
08.12.2024 1:12:19,Продукты,691,
08.12.2024 1:13:28,Комуналка,6466,
08.12.2024 14:57:40,Продукты,2415,Алкашка на нг 
08.12.2024 14:58:16,Дом/Быт,9725,Стул и всякое разное по дому
08.12.2024 21:00:36,Подарки Кому то,2040,
09.12.2024 12:59:02,Донат,2000,Владику Сане на ремонт
09.12.2024 13:24:12,Необходимые крупные покупки,28475,Навчання 
09.12.2024 20:48:01,Разное,120,Доставка
09.12.2024 20:48:22,Здоровье,564,
09.12.2024 20:50:26,Дом/Быт,996,
09.12.2024 20:51:39,Животные,137,
09.12.2024 20:52:19,Здоровье,1405,
09.12.2024 20:55:06,Разное,160,
09.12.2024 20:55:35,Дом/Быт,113,
09.12.2024 20:56:38,Подарки Кому то,1246,
09.12.2024 20:58:03,Одежда Обувь,1155,
09.12.2024 21:10:33,Дом/Быт,1007,
09.12.2024 21:12:20,Донат,120,
09.12.2024 21:59:32,Продукты,993,
09.12.2024 22:08:49,Продукты,211,
10.12.2024 16:02:22,Фастфуд,2000,
11.12.2024 17:20:48,Животные,2674,
11.12.2024 17:21:57,Продукты,2749,
11.12.2024 17:22:12,Здоровье,640,
11.12.2024 17:23:00,Уход/Косметика,369,
11.12.2024 17:23:47,Дом/Быт,345,
11.12.2024 17:23:58,Подарки Кому то,29,
11.12.2024 17:24:52,Личное развитие,600,
11.12.2024 17:26:57,Разное,1241,Білет на виставу
11.12.2024 18:22:01,Продукты,829,
11.12.2024 18:22:27,Здоровье,151,
12.12.2024 20:35:01,Продукты,560,
14.12.2024 0:29:56,Психотерапевт,2000,
14.12.2024 0:30:25,Уход/Косметика,735,
14.12.2024 0:30:40,Комуналка,250,
14.12.2024 0:32:52,Тачка Бенз,4152,
14.12.2024 0:33:47,Личное развитие,400,
14.12.2024 0:34:35,Фастфуд,1129,
14.12.2024 11:19:38,Животные,960,
14.12.2024 19:00:12,Дом/Быт,824,
14.12.2024 22:23:55,Дом/Быт,130,
14.12.2024 22:25:13,Разное,70,Іванні
14.12.2024 22:25:27,Одежда Обувь,75,
14.12.2024 22:25:43,Дом/Быт,230,
14.12.2024 22:26:13,Одежда Обувь,657,
14.12.2024 22:27:29,Подарки Кому то,185,
14.12.2024 22:28:03,Продукты,144,
14.12.2024 23:17:59,Подарки Кому то,7898,
14.12.2024 23:42:30,Здоровье,4524,
15.12.2024 1:08:13,Дом/Быт,65,
15.12.2024 12:57:39,Тачка ТО,2274,Страховка
16.12.2024 2:01:16,Продукты,1926,
16.12.2024 2:01:31,Дом/Быт,358,
16.12.2024 10:45:57,Подарки Кому то,2005,
16.12.2024 15:24:12,Одежда Обувь,2850,
16.12.2024 15:24:28,Разное,306,
16.12.2024 15:24:47,Животные,120,
16.12.2024 15:28:02,Личное развитие,400,
16.12.2024 19:45:34,Личное развитие,600,
17.12.2024 14:46:20,Уход/Косметика,450,
17.12.2024 20:44:42,Продукты,780,
17.12.2024 20:45:02,Подарки Кому то,1300,
18.12.2024 11:50:03,Уход/Косметика,500,
18.12.2024 12:03:44,Продукты,800,
18.12.2024 13:17:31,Личное развитие,400,
18.12.2024 23:44:05,Дом/Быт,299,
18.12.2024 23:44:25,Животные,978,
20.12.2024 18:16:38,Продукты,466,
20.12.2024 18:24:26,Подарки Кому то,596,
20.12.2024 20:24:25,Подарки Кому то,828,
20.12.2024 21:02:34,Подарки Кому то,1409,
20.12.2024 21:22:48,Подарки Кому то,3116,
22.12.2024 9:32:14,Животные,1715,
22.12.2024 9:33:32,Подарки Кому то,890,
22.12.2024 9:33:45,Фастфуд,40,
22.12.2024 9:34:16,Дом/Быт,62,
22.12.2024 9:34:35,Психотерапевт,2000,
22.12.2024 9:34:45,Личное развитие,400,
22.12.2024 9:35:01,Фастфуд,253,
22.12.2024 9:35:20,Животные,280,
22.12.2024 9:35:37,Личное развитие,633,
22.12.2024 9:36:09,Подарки Кому то,400,
22.12.2024 9:37:48,Подарки Кому то,699,
22.12.2024 9:38:03,Дом/Быт,220,
22.12.2024 9:56:30,Дом/Быт,1230,
22.12.2024 10:00:58,Уход/Косметика,2380,
22.12.2024 10:48:25,Уход/Косметика,3618,
22.12.2024 20:01:48,Подарки Кому то,7217,
22.12.2024 20:02:41,Подарки Кому то,897,
22.12.2024 22:44:18,Алик и фигня,2992,Для дома проигрывателя и тд
22.12.2024 22:53:15,Алик и фигня,192,
23.12.2024 17:25:18,Дом/Быт,1400,
23.12.2024 17:25:40,Личное развитие,400,
23.12.2024 19:22:10,Продукты,2964,
23.12.2024 19:22:44,Животные,1320,
24.12.2024 13:21:26,Животные,1710,
24.12.2024 18:35:50,Животные,1687,
25.12.2024 14:13:25,Одежда Обувь,500,
25.12.2024 14:13:42,Подарки Кому то,650,
25.12.2024 14:30:27,Личное развитие,1650,
25.12.2024 15:03:50,Тачка Бенз,1430,
25.12.2024 15:20:57,Разное,138,
25.12.2024 15:43:59,Животные,4523,
25.12.2024 22:17:57,Подарки Кому то,390,
26.12.2024 11:46:53,Здоровье,700,
26.12.2024 21:48:29,Алик и фигня,473,
27.12.2024 18:33:31,Одежда Обувь,2400,
27.12.2024 18:44:20,Дом/Быт,120,
27.12.2024 19:19:17,Подарки Кому то,999,
31.12.2024 19:56:39,Подарки Кому то,2895,
31.12.2024 19:57:21,Разное,2093,
31.12.2024 19:57:56,Животные,2238,
31.12.2024 19:58:52,Фастфуд,1769,
31.12.2024 19:59:14,Личное развитие,800,
31.12.2024 19:59:24,Психотерапевт,2000,
31.12.2024 19:59:45,Уход/Косметика,154,
31.12.2024 20:00:16,Дом/Быт,724,
31.12.2024 20:00:44,Одежда Обувь,688,
31.12.2024 20:00:58,Продукты,888,
31.12.2024 20:04:38,Подарки Кому то,1377,
31.12.2024 20:05:18,Продукты,717,
01.01.2025 23:35:11,Продукты,100,
02.01.2025 12:01:07,Подарки Кому то,400,
02.01.2025 12:03:47,Алик и фигня,500,
02.01.2025 14:39:51,Животные,535,
02.01.2025 19:39:29,Дом/Быт,771,Акумы
03.01.2025 10:55:42,Дом/Быт,844,Акум
03.01.2025 10:59:36,Необходимые крупные покупки,3400,Оплата услуг бухгалтера
03.01.2025 20:32:51,Продукты,745,
04.01.2025 14:48:57,Уход/Косметика,381,
04.01.2025 14:49:28,Животные,600,
04.01.2025 14:49:47,Личное развитие,1000,
04.01.2025 14:50:02,Продукты,175,
06.01.2025 13:40:44,Личное развитие,400,
06.01.2025 13:40:59,Разное,159,Доставка
06.01.2025 14:29:47,Разное,1190,
07.01.2025 20:27:46,Продукты,483,
08.01.2025 11:41:51,Уход/Косметика,1300,
08.01.2025 11:42:06,Животные,940,
08.01.2025 11:42:22,Животные,1410,
08.01.2025 11:42:37,Продукты,625,
09.01.2025 12:33:46,Психотерапевт,2000,
09.01.2025 12:33:57,Личное развитие,1000,
09.01.2025 18:57:51,Животные,860,
09.01.2025 18:58:02,Животные,300,
09.01.2025 18:58:24,Продукты,1345,
09.01.2025 21:59:44,Животные,1920,
09.01.2025 22:00:22,Разное,160,Іванні
09.01.2025 22:04:12,Одежда Обувь,168,
09.01.2025 22:05:11,Уход/Косметика,578,
09.01.2025 22:06:27,Дом/Быт,208,
09.01.2025 22:06:53,Продукты,339,
10.01.2025 13:14:56,Личное развитие,400,
10.01.2025 13:19:12,Фастфуд,1751,
10.01.2025 13:38:35,Животные,1255,
10.01.2025 20:01:44,Подарки Кому то,1400,
11.01.2025 15:51:38,Животные,5600,Операции
11.01.2025 16:20:12,Продукты,833,
11.01.2025 22:31:03,Подарки Кому то,1500,
12.01.2025 14:30:38,Тачка Бенз,2000,
12.01.2025 16:05:21,Подарки Кому то,450,
12.01.2025 21:42:29,Дом/Быт,2500,Ремонт стиралки
13.01.2025 18:47:40,Личное развитие,400,
14.01.2025 16:31:12,Разное,334,
14.01.2025 20:33:27,Продукты,492,
14.01.2025 20:43:46,Тачка Бенз,2490,
15.01.2025 10:46:09,Фастфуд,831,
15.01.2025 10:46:26,Подарки Кому то,960,
15.01.2025 10:46:49,Подарки Кому то,4390,
15.01.2025 12:50:50,Разное,444,
15.01.2025 12:51:10,Личное развитие,600,
15.01.2025 12:57:02,Подарки Кому то,330,
15.01.2025 16:44:38,Одежда Обувь,679,
15.01.2025 16:45:03,Фастфуд,880,
15.01.2025 16:45:30,Дом/Быт,438,
15.01.2025 16:45:58,Одежда Обувь,1096,
15.01.2025 17:31:19,Разное,349,
15.01.2025 18:58:47,Продукты,540,
15.01.2025 21:41:54,Продукты,637,
15.01.2025 23:31:45,Подарки Кому то,2050,Артур нг
16.01.2025 10:28:55,Алик и фигня,681,
17.01.2025 19:35:05,Фастфуд,514,
19.01.2025 10:57:21,Продукты,1572,
19.01.2025 10:58:00,Животные,2185,
19.01.2025 14:39:37,Разное,450,Бранч
20.01.2025 15:56:42,Животные,860,
20.01.2025 15:56:54,Разное,171,
21.01.2025 0:02:08,Личное развитие,400,
22.01.2025 14:55:26,Алик и фигня,503,
23.01.2025 12:27:25,Алик и фигня,1426,
23.01.2025 20:45:49,Продукты,1364,
24.01.2025 13:31:12,Алик и фигня,1800,
24.01.2025 16:05:21,Комуналка,3000,Комуналка одесса
24.01.2025 21:48:17,Разное,500,Телефон пополнение
25.01.2025 1:14:05,Дом/Быт,3059,
25.01.2025 1:14:37,Уход/Косметика,4256,
25.01.2025 1:15:10,Разное,250,Ремонт одягу
25.01.2025 1:15:25,Разное,500,Справка
25.01.2025 1:15:49,Разное,207,
25.01.2025 1:16:26,Личное развитие,2512,
25.01.2025 1:17:08,Животные,8287,
25.01.2025 1:17:34,Продукты,2269,
25.01.2025 1:17:43,Психотерапевт,4000,
25.01.2025 1:17:55,Фастфуд,725,
25.01.2025 1:18:11,Подарки Кому то,1329,
25.01.2025 1:19:06,Личное развитие,639,
25.01.2025 1:40:48,Животные,293,
25.01.2025 22:32:47,Дом/Быт,1598,
26.01.2025 12:18:08,Животные,4000,
26.01.2025 12:19:13,Фастфуд,1017,
26.01.2025 12:20:31,Подарки Кому то,860,
26.01.2025 12:20:46,Дом/Быт,750,
26.01.2025 12:22:50,Одежда Обувь,246,
26.01.2025 12:23:11,Разное,303,Іванні
26.01.2025 12:23:25,Животные,75,
26.01.2025 12:24:00,Дом/Быт,238,
26.01.2025 12:27:30,Одежда Обувь,580,
26.01.2025 17:38:58,Продукты,916,
26.01.2025 21:59:53,Дом/Быт,885,Для 3д принтера и дома кляе
26.01.2025 22:37:57,Животные,600,
27.01.2025 14:08:43,Личное развитие,400,
27.01.2025 14:09:43,Тачка Бенз,1490,
27.01.2025 14:16:21,Дом/Быт,182,
27.01.2025 14:18:14,Подарки Кому то,70,
27.01.2025 14:18:22,Дом/Быт,38,
27.01.2025 14:18:59,Одежда Обувь,114,
27.01.2025 14:19:23,Одежда Обувь,120,
27.01.2025 15:08:48,Дом/Быт,764,
27.01.2025 21:30:39,Продукты,673,
27.01.2025 23:18:03,Уход/Косметика,93,
27.01.2025 23:18:28,Дом/Быт,60,
27.01.2025 23:29:57,Подарки Кому то,200,
27.01.2025 23:34:39,Одежда Обувь,2632,
28.01.2025 13:10:28,Дом/Быт,700,Охрана
28.01.2025 23:13:35,Здоровье,339,
28.01.2025 23:13:50,Подарки Кому то,389,
28.01.2025 23:14:34,Дом/Быт,1225,
28.01.2025 23:29:35,Животные,231,
28.01.2025 23:30:03,Уход/Косметика,540,
29.01.2025 13:19:48,Личное развитие,400,
29.01.2025 16:31:16,Животные,1840,
29.01.2025 21:54:15,Фастфуд,1001,
29.01.2025 21:54:37,Продукты,1122,
29.01.2025 21:55:14,Подарки Кому то,169,
29.01.2025 21:55:37,Дом/Быт,44,
30.01.2025 14:25:23,Личное развитие,600,
30.01.2025 16:19:31,Алик и фигня,1270,
31.01.2025 2:12:24,Разное,89,Доставка
31.01.2025 12:49:37,Дом/Быт,910,Инструмент для дома
01.02.2025 10:31:34,Подарки Кому то,683,
02.02.2025,Животные,640,
02.02.2025 18:21:19,Продукты,372,
03.02.2025,Фастфуд,282,
03.02.2025,Подарки Кому то,507,
03.02.2025,Животные,500,
03.02.2025,Здоровье,286,
03.02.2025,Продукты,987,
03.02.2025,Дом/Быт,930,
03.02.2025,Личное развитие,400,
04.02.2025,Животные,189,
04.02.2025,Дом/Быт,180,
04.02.2025,Уход/Косметика,661,
05.02.2025 14:27:37,Комуналка,2000,Комуналка одесса
05.02.2025 14:34:24,Комуналка,10745,
05.02.2025 18:32:08,Здоровье,568,
05.02.2025 18:34:01,Здоровье,365,
05.02.2025 18:47:27,Продукты,531,
06.02.2025 20:36:13,Личное развитие,700,
06.02.2025 20:36:21,Психотерапевт,2000,
07.02.2025 13:03:54,Дом/Быт,342,
07.02.2025 14:11:02,Животные,1200,
07.02.2025 14:11:24,Продукты,1869,
08.02.2025 14:35:21,Фастфуд,878,
08.02.2025 14:35:30,Алик и фигня,756,
08.02.2025 16:16:23,Здоровье,1543,
08.02.2025 16:16:45,Дом/Быт,220,
08.02.2025 23:35:32,Здоровье,2348,Витамины
09.02.2025 2:04:10,Продукты,991,
09.02.2025 2:04:28,Уход/Косметика,160,
09.02.2025 14:55:49,Продукты,911,
09.02.2025 15:04:25,Дом/Быт,518,
10.02.2025 14:16:01,Алик и фигня,237,
10.02.2025 14:57:01,Алик и фигня,880,
10.02.2025 19:11:54,Дом/Быт,375,
10.02.2025 19:12:16,Животные,2110,
11.02.2025 20:29:53,Продукты,720,
12.02.2025 17:32:56,Здоровье,1100,
12.02.2025 17:49:11,Продукты,453,
12.02.2025 17:57:49,Разное,565,
13.02.2025 10:40:28,Психотерапевт,2000,
13.02.2025 11:16:31,Алик и фигня,620,
13.02.2025 17:21:39,Личное развитие,700,
13.02.2025 17:31:42,Животные,1110,
13.02.2025 17:31:50,Дом/Быт,170,
13.02.2025 20:22:19,Продукты,402,
14.02.2025 14:04:01,Уход/Косметика,350,
14.02.2025 18:25:41,Необходимые крупные покупки,7802,
16.02.2025 15:34:49,Животные,3290,
16.02.2025 15:43:08,Животные,384,
16.02.2025 15:51:24,Одежда Обувь,1529,
16.02.2025 17:58:19,Разное,1270,Білети
17.02.2025 20:12:54,Фастфуд,944,
17.02.2025 20:14:57,Разное,442,Таксі
17.02.2025 20:15:34,Разное,3000,Іванні
18.02.2025 20:38:01,Продукты,698,
18.02.2025 22:15:45,Личное развитие,700,
19.02.2025 13:43:25,Продукты,1085,
19.02.2025 14:12:00,Разное,2000,Іванні
19.02.2025 22:00:52,Донат,1000,Лешке
20.02.2025 16:04:12,Здоровье,420,
20.02.2025 16:05:11,Продукты,1900,
20.02.2025 16:05:44,Уход/Косметика,311,
20.02.2025 16:06:02,Дом/Быт,307,
22.02.2025 16:11:33,Разное,303,Таксі
22.02.2025 16:12:01,Дом/Быт,503,
22.02.2025 16:12:24,Личное развитие,630,
22.02.2025 16:12:50,Фастфуд,2028,
22.02.2025 18:37:43,Разное,316,
22.02.2025 18:49:47,Продукты,1066,
23.02.2025 10:31:24,Животные,3620,Цд
23.02.2025 14:27:33,Продукты,527,Чай
23.02.2025 17:01:01,Подарки Кому то,5638,Лего с Германии Брик линк
23.02.2025 20:22:16,Алик и фигня,495,Тайсы
24.02.2025 13:17:08,Продукты,250,
24.02.2025 13:17:45,Уход/Косметика,2365,
24.02.2025 17:00:59,Уход/Косметика,2680,
24.02.2025 17:34:32,Подарки Кому то,600,Лего
24.02.2025 19:10:20,Уход/Косметика,2340,
25.02.2025 11:43:01,Алик и фигня,815,Лампочки и дворник на тачку
25.02.2025 13:48:49,Разное,309,Таксі
25.02.2025 15:13:23,Личное развитие,700,
25.02.2025 16:09:07,Донат,1000,Kdou
25.02.2025 20:16:32,Продукты,590,
25.02.2025 21:15:02,Одежда Обувь,700,
25.02.2025 21:17:40,Подарки Кому то,400,
25.02.2025 21:18:25,Дом/Быт,1480,
26.02.2025 9:31:36,Здоровье,1000,
26.02.2025 9:34:34,Разное,136,
26.02.2025 15:29:50,Здоровье,62,
26.02.2025 17:35:22,Здоровье,9100,
26.02.2025 19:18:03,Фастфуд,886,
27.02.2025 11:44:17,Уход/Косметика,724,
27.02.2025 23:56:06,Психотерапевт,2000,
27.02.2025 23:56:28,Разное,250,
27.02.2025 23:56:48,Продукты,507,
27.02.2025 23:57:11,Уход/Косметика,2679,
28.02.2025 9:58:28,Дом/Быт,1100,Интернет
28.02.2025 11:36:19,Животные,1224,Дыма корм
28.02.2025 19:47:44,Дом/Быт,615,
28.02.2025 20:59:05,Здоровье,1000,
28.02.2025 20:59:20,Личное развитие,719,
28.02.2025 21:51:02,Фастфуд,1034,
01.03.2025 9:40:04,Донат,1000,
01.03.2025 20:44:50,Донат,2327,
02.03.2025 12:45:43,Подарки Кому то,356,
02.03.2025 13:35:59,Разное,200,Таксі
02.03.2025 13:36:09,Уход/Косметика,100,
02.03.2025 13:36:24,Фастфуд,155,
02.03.2025 13:36:38,Продукты,672,
02.03.2025 13:36:51,Здоровье,951,
02.03.2025 13:40:22,Здоровье,2603,Щітка
02.03.2025 13:53:09,Дом/Быт,484,
02.03.2025 15:37:55,Здоровье,1520,
02.03.2025 16:47:43,Продукты,926,
02.03.2025 16:48:10,Продукты,745,
02.03.2025 18:44:40,Дом/Быт,116,
03.03.2025 11:59:44,Здоровье,2606,
03.03.2025 12:15:11,Здоровье,700,
03.03.2025 13:45:12,Здоровье,740,
03.03.2025 16:29:41,Разное,283,Таксі
03.03.2025 18:17:54,Разное,298,Таксі
03.03.2025 18:18:02,Здоровье,700,
03.03.2025 22:18:03,Разное,160,
03.03.2025 22:20:00,Здоровье,126,
03.03.2025 22:20:12,Продукты,63,
03.03.2025 22:22:24,Подарки Кому то,1041,
04.03.2025 12:44:53,Дом/Быт,308,
04.03.2025 12:45:07,Здоровье,2800,
04.03.2025 19:56:46,Здоровье,1549,
04.03.2025 19:56:59,Продукты,157,
05.03.2025 13:09:10,Уход/Косметика,500,
05.03.2025 18:24:18,Здоровье,4400,
05.03.2025 23:38:09,Личное развитие,800,
06.03.2025 20:36:36,Донат,2000,Насті
07.03.2025 17:30:13,Животные,3500,Марсик корм
07.03.2025 18:12:19,Фастфуд,865,
07.03.2025 18:12:46,Подарки Кому то,80,
08.03.2025 12:55:47,Животные,750,
08.03.2025 13:17:13,Продукты,1550,
08.03.2025 18:18:25,Продукты,600,
09.03.2025 18:24:48,Животные,5000,Корма лекарства наполнитель
09.03.2025 18:25:05,Дом/Быт,1000,
09.03.2025 18:25:37,Подарки Кому то,800,Алкашка
10.03.2025 10:52:45,Подарки Кому то,1070,Владик коврик
10.03.2025 10:55:18,Подарки Кому то,3665,
10.03.2025 12:27:25,Подарки Кому то,930,
10.03.2025 19:12:14,Разное,200,
10.03.2025 19:12:36,Уход/Косметика,1790,
10.03.2025 20:20:26,Подарки Кому то,1099,Марта
11.03.2025 11:14:01,Подарки Кому то,2348,Артур подарок
11.03.2025 11:53:09,Продукты,287,
11.03.2025 11:53:23,Разное,170,
11.03.2025 11:53:41,Дом/Быт,62,
11.03.2025 11:54:05,Уход/Косметика,133,
11.03.2025 11:54:19,Здоровье,297,
11.03.2025 13:27:30,Подарки Кому то,3478,Марте
11.03.2025 13:44:25,Дом/Быт,675,
11.03.2025 17:14:31,Разное,240,
11.03.2025 20:23:23,Продукты,638,
12.03.2025 9:30:24,Здоровье,600,Зал
12.03.2025 9:30:33,Разное,400,Тел
12.03.2025 13:11:17,Личное развитие,1000,
12.03.2025 15:49:03,Подарки Кому то,1380,Марта
13.03.2025 17:52:08,Дом/Быт,197,Доставка
13.03.2025 18:45:01,Дом/Быт,1242,Доставка
14.03.2025 18:56:53,Продукты,1126,
14.03.2025 19:04:30,Продукты,449,
16.03.2025 13:33:58,Продукты,1054,
18.03.2025 12:15:33,Подарки Кому то,400,
18.03.2025 20:49:40,Продукты,756,
21.03.2025 15:29:59,Алик и фигня,560,
22.03.2025 13:13:29,Алик и фигня,660,Шорты на орешу
24.03.2025 13:38:13,Донат,7973,Саньку на хваринку
25.03.2025 20:15:24,Продукты,725,
27.03.2025 20:11:39,Продукты,1817,
27.03.2025 20:36:28,Животные,2800,Корм марсик
27.03.2025 20:36:51,Подарки Кому то,2000,
27.03.2025 21:00:14,Комуналка,2100,Одеса
28.03.2025 9:44:22,Одежда Обувь,579,
30.03.2025 17:04:56,Дом/Быт,800,Инструмент
30.03.2025 17:05:31,Подарки Кому то,450,Лампочки родителям
30.03.2025 17:06:47,Разное,980,Конверты и Лене
31.03.2025 14:26:04,Тачка ТО,440,
31.03.2025 21:33:13,Продукты,1590,Двіж
31.03.2025 23:29:46,Тачка ТО,4857,
31.03.2025 23:31:56,Тачка ТО,0,
31.03.2025 23:35:12,Разное,335,Таксі
31.03.2025 23:35:54,Продукты,122,
31.03.2025 23:36:33,Подарки Кому то,529,
31.03.2025 23:36:56,Разное,600,Іванні
31.03.2025 23:37:26,Уход/Косметика,1790,
31.03.2025 23:37:44,Продукты,287,
31.03.2025 23:37:59,Разное,232,
31.03.2025 23:38:19,Дом/Быт,133,
31.03.2025 23:38:35,Здоровье,297,
31.03.2025 23:38:53,Разное,200,Коробки
31.03.2025 23:39:06,Разное,80,Доставка
31.03.2025 23:39:43,Разное,266,Таксі
31.03.2025 23:40:11,Подарки Кому то,440,
31.03.2025 23:40:38,Личное развитие,700,
31.03.2025 23:40:50,Дом/Быт,310,
31.03.2025 23:41:10,Подарки Кому то,290,
31.03.2025 23:42:18,Разное,308,Таксі
31.03.2025 23:42:38,Разное,800,Іванні
31.03.2025 23:43:05,Разное,1462,Білети на потяг
31.03.2025 23:43:21,Разное,80,Доставка
31.03.2025 23:43:39,Личное развитие,849,
31.03.2025 23:43:53,Уход/Косметика,1043,
31.03.2025 23:44:11,Разное,50,
31.03.2025 23:44:40,Продукты,150,
31.03.2025 23:44:57,Здоровье,2100,
31.03.2025 23:45:12,Подарки Кому то,1599,
31.03.2025 23:45:34,Здоровье,294,
31.03.2025 23:45:48,Дом/Быт,196,
31.03.2025 23:46:04,Дом/Быт,360,Килимок
31.03.2025 23:46:27,Дом/Быт,715,Пластик для кухні
31.03.2025 23:46:44,Подарки Кому то,159,
31.03.2025 23:47:00,Разное,616,Таксі
31.03.2025 23:47:24,Одежда Обувь,3860,
31.03.2025 23:47:38,Продукты,1241,
31.03.2025 23:47:52,Уход/Косметика,800,
31.03.2025 23:48:16,Личное развитие,2125,
31.03.2025 23:48:34,Продукты,2140,
31.03.2025 23:48:51,Здоровье,1597,
31.03.2025 23:49:09,Продукты,1547,
31.03.2025 23:49:37,Дом/Быт,277,
31.03.2025 23:49:50,Продукты,178,
31.03.2025 23:50:10,Тачка Бенз,1738,
31.03.2025 23:50:25,Подарки Кому то,1540,
31.03.2025 23:50:41,Дом/Быт,1463,
31.03.2025 23:51:02,Личное развитие,1100,
31.03.2025 23:51:22,Фастфуд,1298,
31.03.2025 23:51:44,Дом/Быт,1000,
31.03.2025 23:51:59,Животные,500,
31.03.2025 23:52:14,Личное развитие,400,
31.03.2025 23:52:30,Уход/Косметика,500,
31.03.2025 23:53:03,Фастфуд,205,
31.03.2025 23:53:54,Животные,360,
31.03.2025 23:54:06,Уход/Косметика,500,
31.03.2025 23:54:21,Личное развитие,400,
31.03.2025 23:54:41,Дом/Быт,699,
31.03.2025 23:54:56,Животные,985,
31.03.2025 23:55:16,Дом/Быт,140,
31.03.2025 23:55:33,Уход/Косметика,800,
31.03.2025 23:56:45,Продукты,718,
31.03.2025 23:57:40,Дом/Быт,1450,
31.03.2025 23:59:21,Уход/Косметика,500,
01.04.2025 0:36:29,Продукты,866,Чай
01.04.2025 10:33:46,Донат,10000,Банки саньку
01.04.2025 13:58:41,Комуналка,300,
01.04.2025 13:58:51,Разное,100,
01.04.2025 18:01:50,Комуналка,9391,
01.04.2025 18:02:54,Личное развитие,700,
01.04.2025 18:03:09,Продукты,127,
01.04.2025 18:03:23,Разное,155,
01.04.2025 18:04:00,Продукты,173,
01.04.2025 22:16:52,Продукты,1134,
03.04.2025 20:33:06,Продукты,420,
04.04.2025 11:01:04,Разное,300,
04.04.2025 11:01:14,Здоровье,600,
04.04.2025 13:57:13,Животные,798,
04.04.2025 13:57:46,Продукты,511,
04.04.2025 13:58:01,Продукты,1607,
04.04.2025 14:07:11,Уход/Косметика,6956,
04.04.2025 16:30:34,Дом/Быт,744,
04.04.2025 16:30:56,Дом/Быт,1137,
04.04.2025 16:31:31,Дом/Быт,143,
04.04.2025 16:51:23,Дом/Быт,230,
05.04.2025 17:52:31,Фастфуд,1024,
05.04.2025 17:52:57,Тачка ТО,14900,
05.04.2025 23:12:02,Разное,86,
06.04.2025 14:07:49,Уход/Косметика,736,
07.04.2025 10:44:29,Тачка ТО,3186,
07.04.2025 20:45:32,Подарки Кому то,820,
07.04.2025 20:47:21,Дом/Быт,300,
07.04.2025 20:47:33,Одежда Обувь,800,
07.04.2025 20:48:08,Личное развитие,700,
07.04.2025 20:48:37,Разное,86,Доставка
08.04.2025 0:31:40,Тачка ТО,155,
08.04.2025 16:42:17,Животные,1305,
08.04.2025 16:42:53,Фастфуд,1089,
08.04.2025 18:33:02,Животные,384,
08.04.2025 18:33:40,Здоровье,1757,
08.04.2025 18:34:08,Разное,84,Доставка
09.04.2025 15:32:44,Фастфуд,170,
09.04.2025 15:33:43,Дом/Быт,120,
09.04.2025 15:34:44,Подарки Кому то,180,
09.04.2025 15:35:18,Дом/Быт,321,
09.04.2025 15:35:40,Дом/Быт,322,
09.04.2025 22:43:31,Продукты,712,
10.04.2025 20:16:20,Продукты,1047,
10.04.2025 20:24:01,Продукты,547,
11.04.2025 11:44:08,Уход/Косметика,580,
11.04.2025 11:44:16,Здоровье,400,
11.04.2025 13:34:40,Уход/Косметика,450,
11.04.2025 15:04:18,Здоровье,413,
11.04.2025 20:44:22,Продукты,688,
12.04.2025 18:49:17,Продукты,350,
13.04.2025 0:02:40,Животные,4775,
13.04.2025 0:03:02,Уход/Косметика,400,
13.04.2025 0:03:19,Разное,400,Іванні
13.04.2025 20:32:52,Здоровье,3257,
13.04.2025 23:22:16,Подарки Кому то,5259,Брик линк заказ
14.04.2025 11:13:12,Алик и фигня,1197,Алик на перепродажу и себе
14.04.2025 23:06:21,Разное,50,
14.04.2025 23:06:32,Разное,80,Доставка
14.04.2025 23:06:58,Тачка Бенз,1548,
14.04.2025 23:07:12,Продукты,1812,
14.04.2025 23:08:20,Дом/Быт,250,
14.04.2025 23:08:58,Животные,741,
15.04.2025 17:46:44,Личное развитие,700,
16.04.2025 20:50:54,Животные,480,
16.04.2025 23:46:12,Здоровье,730,
18.04.2025 10:31:22,Животные,1079,
18.04.2025 17:25:01,Дом/Быт,5775,Сетка краски итд
18.04.2025 23:09:46,Продукты,664,
18.04.2025 23:10:24,Подарки Кому то,150,
18.04.2025 23:11:09,Дом/Быт,129,
18.04.2025 23:11:35,Уход/Косметика,80,
18.04.2025 23:12:11,Дом/Быт,140,
18.04.2025 23:12:42,Фастфуд,1185,
18.04.2025 23:13:26,Продукты,1920,
18.04.2025 23:14:38,Продукты,504,
18.04.2025 23:14:58,Фастфуд,654,
20.04.2025 23:12:55,Донат,5000,Саньку на генератор
21.04.2025 21:07:57,Продукты,1030,
22.04.2025 15:23:22,Необходимые крупные покупки,5000,Задаток за телефон
22.04.2025 21:20:26,Продукты,1000,
22.04.2025 21:20:38,Подарки Кому то,2089,Игры
22.04.2025 21:44:24,Животные,480,
22.04.2025 21:44:43,Продукты,173,
22.04.2025 21:44:56,Здоровье,240,
22.04.2025 21:45:10,Личное развитие,622,
22.04.2025 21:45:27,Разное,686,Білет
22.04.2025 21:46:16,Разное,295,Доставка
22.04.2025 21:46:30,Подарки Кому то,400,
22.04.2025 21:46:42,Дом/Быт,188,
22.04.2025 21:46:55,Одежда Обувь,104,
22.04.2025 21:47:13,Подарки Кому то,129,
23.04.2025 11:26:28,Подарки Кому то,1400,
23.04.2025 11:44:00,Алик и фигня,1231,
23.04.2025 13:39:31,Алик и фигня,500,
24.04.2025 16:56:03,Животные,2736,Корм котики
24.04.2025 16:56:17,Подарки Кому то,2299,Игра
24.04.2025 16:59:24,Дом/Быт,1849,Разное
24.04.2025 17:32:11,Психотерапевт,1000,
24.04.2025 17:49:24,Животные,5840,Корма коты собаки
24.04.2025 17:49:32,Подарки Кому то,303,
24.04.2025 19:01:12,Необходимые крупные покупки,19308,Часы
24.04.2025 19:01:29,Необходимые крупные покупки,14094,Пылесос
25.04.2025 13:22:58,Донат,5025,На ремонт зала
25.04.2025 16:45:24,Дом/Быт,1975,Одесса сантехник
26.04.2025 17:22:14,Разное,500,
26.04.2025 17:35:09,Животные,3173,
26.04.2025 18:11:11,Подарки Кому то,1754,Подарки
26.04.2025 19:12:27,Необходимые крупные покупки,49324,Айфон ярик
26.04.2025 19:13:00,Продукты,890,
28.04.2025 10:58:11,Подарки Кому то,275,
28.04.2025 11:54:36,Подарки Кому то,2703,
28.04.2025 18:02:54,Подарки Кому то,2219,
30.04.2025 19:43:03,Продукты,1670,
01.05.2025 10:24:27,Алик и фигня,558,
01.05.2025 10:25:23,Разное,500,Телефон
02.05.2025 13:15:20,Разное,1300,Premium tg
03.05.2025 10:46:40,Разное,400,
03.05.2025 10:47:37,Разное,80,
03.05.2025 22:08:23,Продукты,750,
04.05.2025 21:56:15,Донат,500,Ориентирование
04.05.2025 21:56:32,Здоровье,200,Перчатки
04.05.2025 22:54:11,Дом/Быт,620,
06.05.2025 11:15:05,Дом/Быт,369,
06.05.2025 13:26:54,Дом/Быт,278,
06.05.2025 14:30:27,Дом/Быт,145,
07.05.2025 13:31:26,Разное,500,Счет
07.05.2025 20:19:09,Продукты,1600,
08.05.2025 18:31:24,Продукты,2646,
08.05.2025 18:31:42,Здоровье,2072,
08.05.2025 18:31:54,Уход/Косметика,1350,
08.05.2025 18:32:08,Психотерапевт,3000,
08.05.2025 18:32:19,Животные,1800,
08.05.2025 18:32:29,Дом/Быт,554,
08.05.2025 18:32:42,Разное,160,Доставка
08.05.2025 18:32:56,Личное развитие,2600,
08.05.2025 18:33:08,Подарки Кому то,180,
08.05.2025 18:33:21,Фастфуд,350,
08.05.2025 18:33:38,Разное,675,Білет
08.05.2025 18:33:50,Разное,1500,Іванні
08.05.2025 18:34:03,Комуналка,4276,
08.05.2025 18:38:46,Продукты,452,
09.05.2025 8:36:26,Разное,258,Таксі
09.05.2025 8:36:41,Разное,550,Таксі
09.05.2025 11:50:06,Подарки Кому то,3571,
09.05.2025 20:28:51,Психотерапевт,1500,
09.05.2025 20:29:23,Фастфуд,1320,
11.05.2025 10:24:00,Фастфуд,160,
11.05.2025 10:24:15,Подарки Кому то,790,
11.05.2025 19:04:45,Фастфуд,350,
11.05.2025 19:05:15,Фастфуд,478,
13.05.2025 16:29:20,Фастфуд,212,
13.05.2025 16:29:40,Личное развитие,700,
13.05.2025 16:47:26,Разное,268,Таксі
13.05.2025 16:47:45,Животные,218,
13.05.2025 18:01:25,Уход/Косметика,1406,
13.05.2025 18:01:48,Разное,142,
13.05.2025 18:02:05,Разное,253,Таксі
13.05.2025 22:08:13,Здоровье,3298,Витамины и хавка
13.05.2025 22:33:29,Продукты,2358,
13.05.2025 23:27:28,Необходимые крупные покупки,21151,Білети на літак 
14.05.2025 11:21:09,Разное,250,Таксі
14.05.2025 11:52:16,Здоровье,3000,
14.05.2025 13:13:41,Уход/Косметика,1100,
14.05.2025 15:23:15,Одежда Обувь,2735,
14.05.2025 15:23:29,Фастфуд,275,
14.05.2025 23:46:54,Личное развитие,8727,
14.05.2025 23:47:19,Разное,256,Таксі
14.05.2025 23:47:57,Одежда Обувь,450,
14.05.2025 23:48:28,Дом/Быт,984,
15.05.2025 0:18:23,Продукты,721,
15.05.2025 0:20:06,Фастфуд,226,
15.05.2025 0:20:17,Разное,260,Таксі
15.05.2025 0:22:48,Разное,800,
15.05.2025 0:24:57,Фастфуд,3029,
15.05.2025 0:26:50,Продукты,1485,
15.05.2025 8:31:59,Подарки Кому то,440,
15.05.2025 13:45:15,Фастфуд,270,
17.05.2025 12:52:22,Алик и фигня,2500,Одежда посуда итд
18.05.2025 10:30:49,Разное,1500,Вануся
18.05.2025 13:56:10,Комуналка,2942,Комуналка одесса
19.05.2025 12:39:07,Фастфуд,1000,
20.05.2025 0:02:41,Психотерапевт,1500,
20.05.2025 0:03:01,Личное развитие,400,
20.05.2025 0:03:27,Продукты,641,
20.05.2025 17:31:24,Личное развитие,700,
21.05.2025 11:21:24,Фастфуд,1500,Ланчи
22.05.2025 17:25:59,Животные,2663,
22.05.2025 17:27:38,Тачка Бенз,2670,Бенз
22.05.2025 17:28:05,Тачка Бенз,884,Газ
22.05.2025 17:29:45,Продукты,601,
22.05.2025 17:30:12,Личное развитие,627,
23.05.2025 10:52:59,Продукты,190,
23.05.2025 10:53:38,Продукты,290,
23.05.2025 11:41:55,Алик и фигня,1668,Одежда спорт глаза и для дома
24.05.2025 14:03:37,Продукты,1010,
24.05.2025 14:07:34,Подарки Кому то,676,
24.05.2025 14:07:45,Дом/Быт,188,
24.05.2025 14:07:54,Продукты,77,
24.05.2025 14:08:02,Разное,27,
24.05.2025 14:09:30,Психотерапевт,1500,
24.05.2025 14:10:21,Продукты,190,
24.05.2025 14:10:36,Здоровье,1719,
24.05.2025 14:28:43,Дом/Быт,580,
24.05.2025 14:29:20,Дом/Быт,75,
24.05.2025 17:21:11,Продукты,1500,
24.05.2025 17:21:23,Подарки Кому то,700,
24.05.2025 22:04:18,Продукты,1125,
25.05.2025 9:38:40,Алик и фигня,253,
25.05.2025 10:52:16,Дом/Быт,767,
25.05.2025 10:52:33,Уход/Косметика,202,
25.05.2025 10:52:49,Фастфуд,255,
25.05.2025 12:09:11,Животные,2400,
26.05.2025 12:21:15,Фастфуд,2350,Шанси на неделю
26.05.2025 13:09:49,Личное развитие,6320,Курси по фінансам
26.05.2025 14:59:36,Разное,400,Универ
26.05.2025 20:38:08,Животные,1336,
26.05.2025 20:43:41,Уход/Косметика,1099,
26.05.2025 20:50:12,Уход/Косметика,4291,
26.05.2025 20:52:05,Дом/Быт,132,
26.05.2025 20:52:31,Продукты,527,
26.05.2025 20:55:50,Уход/Косметика,2496,
26.05.2025 20:56:42,Дом/Быт,450,
26.05.2025 21:02:07,Уход/Косметика,2496,
27.05.2025 12:46:34,Дом/Быт,2344,Гирлянда
27.05.2025 16:25:37,Личное развитие,700,
28.05.2025 1:00:14,Комуналка,305,
28.05.2025 16:24:42,Дом/Быт,534,
28.05.2025 23:06:35,Животные,20,
28.05.2025 23:16:30,Уход/Косметика,597,
28.05.2025 23:16:52,Разное,1467,Іванні
28.05.2025 23:17:08,Фастфуд,210,
28.05.2025 23:17:46,Продукты,1025,
28.05.2025 23:18:40,Дом/Быт,1059,
30.05.2025 12:12:03,Здоровье,4200,Витамины
30.05.2025 22:08:27,Продукты,919,
30.05.2025 22:08:38,Уход/Косметика,1343,
30.05.2025 22:08:53,Дом/Быт,2521,
30.05.2025 22:09:05,Одежда Обувь,2103,
30.05.2025 22:09:17,Животные,1245,
30.05.2025 22:09:27,Личное развитие,400,
30.05.2025 22:09:39,Здоровье,803,
30.05.2025 22:09:49,Фастфуд,720,
30.05.2025 22:10:25,Продукты,495,
30.05.2025 23:10:34,Подарки Кому то,1359,
31.05.2025 11:14:35,Разное,800,
31.05.2025 11:44:18,Алик и фигня,1400,
31.05.2025 17:09:17,Алик и фигня,291,
31.05.2025 20:50:20,Животные,1392,Коты туалет
01.06.2025 8:57:50,Продукты,1255,
01.06.2025 23:40:44,Психотерапевт,1500,
02.06.2025 10:20:47,Разное,445,
03.06.2025 18:00:36,Личное развитие,700,
04.06.2025 17:42:56,Здоровье,900,
04.06.2025 17:49:21,Продукты,117,
04.06.2025 23:18:48,Уход/Косметика,750,
04.06.2025 23:18:57,Разное,100,
05.06.2025 9:23:41,Тачка ТО,308,
05.06.2025 17:33:12,Животные,200,
05.06.2025 17:33:26,Дом/Быт,236,
05.06.2025 17:33:42,Уход/Косметика,700,
05.06.2025 17:35:29,Подарки Кому то,510,
05.06.2025 17:36:02,Продукты,1019,
05.06.2025 18:12:48,Комуналка,2451,
06.06.2025 11:18:54,Алик и фигня,710,
06.06.2025 15:28:12,Личное развитие,400,
06.06.2025 17:12:39,Подарки Кому то,2879,Бриклинк
06.06.2025 17:15:23,Подарки Кому то,2143,Бриклинк
06.06.2025 23:12:37,Психотерапевт,1500,
08.06.2025 13:39:43,Продукты,862,
09.06.2025 11:31:22,Фастфуд,2534,
10.06.2025 10:16:09,Разное,500,
10.06.2025 17:42:19,Здоровье,2170,
10.06.2025 17:42:26,Продукты,200,
10.06.2025 17:43:00,Дом/Быт,350,
10.06.2025 17:43:24,Продукты,800,
10.06.2025 17:43:39,Фастфуд,400,
10.06.2025 17:43:59,Животные,260,
10.06.2025 17:44:09,Фастфуд,140,
10.06.2025 22:13:56,Личное развитие,700,
11.06.2025 16:53:58,Подарки Кому то,900,
14.06.2025 14:34:27,Подарки Кому то,400,
14.06.2025 14:34:36,Подарки Кому то,3600,
14.06.2025 14:34:48,Дом/Быт,2650,
14.06.2025 23:09:44,Дом/Быт,267,
14.06.2025 23:09:55,Психотерапевт,1500,
14.06.2025 23:10:10,Личное развитие,400,
14.06.2025 23:10:36,Продукты,338,
14.06.2025 23:10:52,Продукты,200,
15.06.2025 13:45:43,Подарки Кому то,1620,
15.06.2025 21:14:19,Продукты,1090,
16.06.2025 11:21:13,Необходимые крупные покупки,17183,Увлажнитель и подставка
16.06.2025 11:21:28,Фастфуд,2550,Ланчи
16.06.2025 16:12:51,Тачка Бенз,1631,
19.06.2025 13:21:10,Разное,1760,
19.06.2025 14:27:45,Одежда Обувь,1977,
19.06.2025 21:34:14,Продукты,1121,
21.06.2025 10:15:54,Дом/Быт,2160,
21.06.2025 16:03:14,Дом/Быт,1303,
22.06.2025 14:31:11,Подарки Кому то,1414,
22.06.2025 17:10:02,Продукты,4028,
22.06.2025 17:10:14,Психотерапевт,1500,
22.06.2025 17:10:29,Дом/Быт,4303,
22.06.2025 17:10:45,Животные,1754,
22.06.2025 17:10:56,Здоровье,3060,
22.06.2025 17:11:08,Продукты,1150,
22.06.2025 17:11:28,Личное развитие,2533,
22.06.2025 17:11:41,Разное,857,Білет
22.06.2025 17:39:27,Алик и фигня,491,
23.06.2025 10:53:56,Подарки Кому то,2425,Лего
23.06.2025 10:54:16,Фастфуд,2550,
23.06.2025 17:14:15,Животные,2231,
24.06.2025 16:14:09,Продукты,128,
24.06.2025 16:14:42,Разное,1627,За вікна
24.06.2025 16:14:55,Личное развитие,400,
24.06.2025 16:15:15,Продукты,700,
24.06.2025 16:17:54,Комуналка,880,
24.06.2025 16:20:22,Дом/Быт,2541,
24.06.2025 17:28:14,Личное развитие,700,
24.06.2025 18:18:07,Животные,1269,
24.06.2025 18:26:20,Одежда Обувь,1500,
24.06.2025 19:34:53,Уход/Косметика,988,
24.06.2025 19:35:06,Одежда Обувь,680,
25.06.2025 22:12:51,Подарки Кому то,559,
25.06.2025 22:13:05,Разное,250,
25.06.2025 23:21:10,Личное развитие,400,
26.06.2025 20:09:14,Уход/Косметика,850,
27.06.2025 12:01:03,Комуналка,250,
27.06.2025 12:03:28,Разное,1231,Квитки
27.06.2025 12:03:51,Разное,88,Доставка
27.06.2025 13:32:48,Личное развитие,400,
27.06.2025 13:32:58,Разное,260,
27.06.2025 21:40:48,Продукты,1069,
28.06.2025 14:27:39,Здоровье,1572,
29.06.2025 14:06:20,Разное,860,
30.06.2025 10:54:13,Фастфуд,2340,
30.06.2025 10:54:27,Разное,354,
03.07.2025 12:26:23,Уход/Косметика,900,
03.07.2025 12:28:58,Разное,920,Хата Львів
03.07.2025 12:29:11,Разное,100,
03.07.2025 12:29:32,Разное,717,Білет
03.07.2025 12:29:45,Разное,260,Таксі
03.07.2025 12:30:57,Фастфуд,3868,
03.07.2025 12:31:24,Продукты,163,
03.07.2025 12:31:45,Здоровье,430,
03.07.2025 12:32:23,Подарки Кому то,3974,Бубнам і мамі
03.07.2025 12:32:45,Подарки Кому то,1850,Парфуми мені
03.07.2025 12:32:59,Психотерапевт,1500,
03.07.2025 12:42:20,Разное,769,Таксі 
03.07.2025 12:42:32,Разное,140,Доставка 
03.07.2025 12:42:46,Личное развитие,1100,
03.07.2025 13:23:14,Комуналка,2277,
03.07.2025 13:29:28,Подарки Кому то,2600,Вініл Бубнам
04.07.2025 20:05:33,Животные,8300,Марсик корм
04.07.2025 20:05:42,Дом/Быт,400,Провода
04.07.2025 20:05:52,Подарки Кому то,500,Лего
04.07.2025 23:54:37,Разное,93,Доставка
04.07.2025 23:55:18,Разное,611,Білет
05.07.2025 14:09:55,Продукты,876,
05.07.2025 14:17:31,Продукты,742,
06.07.2025 22:43:45,Донат,1400,
06.07.2025 22:43:53,Дом/Быт,1200,
06.07.2025 22:58:07,Подарки Кому то,1850,
07.07.2025 9:48:58,Фастфуд,494,
07.07.2025 9:49:15,Продукты,1723,
07.07.2025 9:49:36,Уход/Косметика,585,
07.07.2025 9:50:12,Подарки Кому то,4155,
07.07.2025 9:51:19,Одежда Обувь,837,
07.07.2025 9:51:53,Дом/Быт,556,
07.07.2025 9:52:22,Продукты,1399,
07.07.2025 9:52:51,Продукты,809,
07.07.2025 9:53:35,Животные,295,
07.07.2025 9:54:07,Фастфуд,165,
07.07.2025 9:54:23,Уход/Косметика,365,
07.07.2025 9:54:47,Продукты,450,
07.07.2025 13:24:29,Личное развитие,400,
07.07.2025 13:50:31,Разное,953,Мамі
07.07.2025 13:50:45,Дом/Быт,586,
07.07.2025 13:51:37,Подарки Кому то,1783,
07.07.2025 14:52:37,Фастфуд,2550,
07.07.2025 14:52:48,Дом/Быт,3208,
07.07.2025 15:12:54,Личное развитие,700,
07.07.2025 19:30:40,Дом/Быт,161,
07.07.2025 19:31:20,Дом/Быт,80,
08.07.2025 11:38:11,Уход/Косметика,415,
08.07.2025 11:54:27,Разное,263,Доставка
09.07.2025 0:01:37,Уход/Косметика,400,
10.07.2025 0:40:00,Личное развитие,400,
10.07.2025 0:40:17,Уход/Косметика,450,
11.07.2025 20:23:49,Тачка Бенз,1155,
12.07.2025 10:51:56,Разное,400,
12.07.2025 13:09:46,Тачка ТО,700,
12.07.2025 13:09:57,Подарки Кому то,150,
12.07.2025 19:17:38,Алик и фигня,601,
13.07.2025 14:18:14,Фастфуд,1500,
13.07.2025 17:17:05,Тачка ТО,530,
13.07.2025 18:09:58,Подарки Кому то,530,
13.07.2025 21:44:29,Здоровье,34,
13.07.2025 21:44:52,Продукты,654,
13.07.2025 21:45:32,Продукты,534,
13.07.2025 21:46:13,Разное,400,Таксі
13.07.2025 21:46:43,Разное,430,Таксі
13.07.2025 21:47:00,Дом/Быт,658,
13.07.2025 21:47:57,Одежда Обувь,1097,
13.07.2025 21:48:08,Дом/Быт,550,
13.07.2025 21:48:57,Разное,392,Таксі
13.07.2025 21:49:23,Психотерапевт,1500,
13.07.2025 21:50:24,Продукты,1238,
13.07.2025 21:50:42,Здоровье,282,
13.07.2025 21:51:15,Уход/Косметика,250,
13.07.2025 21:51:33,Разное,500,Таксі
13.07.2025 21:53:11,Разное,345,Таксі
13.07.2025 21:53:42,Разное,1750,Оренда квартири
14.07.2025 11:03:19,Подарки Кому то,2400,
14.07.2025 16:08:34,Подарки Кому то,298,
14.07.2025 21:58:10,Алик и фигня,370,
15.07.2025 15:04:06,Разное,95,
18.07.2025 7:47:17,Подарки Кому то,2040,Диск
18.07.2025 20:15:49,Разное,80,
19.07.2025 13:42:15,Продукты,669,
19.07.2025 14:49:09,Тачка ТО,6000,Скидка колонки
19.07.2025 14:49:32,Подарки Кому то,1700,Лена это тайна)
19.07.2025 19:12:40,Здоровье,214,
20.07.2025 0:12:08,Разное,200,
20.07.2025 13:10:50,Алик и фигня,404,
20.07.2025 14:57:34,Здоровье,1699,
20.07.2025 15:05:02,Алик и фигня,1100,
20.07.2025 15:05:11,Одежда Обувь,500,
20.07.2025 15:28:20,Алик и фигня,157,
20.07.2025 15:43:02,Животные,2430,Корм уличным котикам
20.07.2025 17:18:11,Разное,80,
21.07.2025 10:53:06,Фастфуд,1920,
21.07.2025 23:57:07,Алик и фигня,450,
23.07.2025 16:16:56,Необходимые крупные покупки,3887,Для проигрывателя
23.07.2025 18:16:31,Необходимые крупные покупки,2650,Контроллер
23.07.2025 22:33:19,Разное,325,Таксі
23.07.2025 22:33:55,Разное,539,Іванні в квартиру 
24.07.2025 22:39:09,Уход/Косметика,986,
24.07.2025 23:15:53,Уход/Косметика,6768,
25.07.2025 20:21:34,Животные,1338,
25.07.2025 20:38:19,Продукты,1600,
27.07.2025 11:16:48,Дом/Быт,4005,Камод
27.07.2025 11:33:06,Разное,638,
27.07.2025 15:08:16,Дом/Быт,800,
27.07.2025 16:25:24,Животные,3200,
27.07.2025 19:07:43,Подарки Кому то,450,
29.07.2025 14:26:32,Подарки Кому то,1355,
29.07.2025 16:02:39,Дом/Быт,1000,
29.07.2025 16:02:56,Подарки Кому то,4300,Аерогриль
29.07.2025 20:22:46,Подарки Кому то,971,
31.07.2025 8:57:46,Донат,3000,
31.07.2025 20:03:22,Продукты,2522,
31.07.2025 20:04:09,Дом/Быт,1303,
31.07.2025 20:04:34,Разное,1790,Білет
31.07.2025 20:05:00,Разное,230,Доставка
31.07.2025 20:05:20,Личное развитие,700,
31.07.2025 20:05:33,Психотерапевт,1500,
31.07.2025 20:06:19,Животные,3821,
31.07.2025 20:06:51,Подарки Кому то,496,
31.07.2025 20:13:44,Животные,1456,
31.07.2025 20:20:47,Продукты,2718,
31.07.2025 20:21:04,Разное,110,Доставка 
31.07.2025 20:21:28,Разное,812,Таксі
31.07.2025 20:21:45,Разное,1000,Іванні
31.07.2025 20:22:01,Подарки Кому то,1011,
31.07.2025 20:22:18,Личное развитие,630,
31.07.2025 20:22:44,Дом/Быт,300,
31.07.2025 20:23:01,Одежда Обувь,350,
31.07.2025 20:29:22,Фастфуд,1185,
31.07.2025 20:29:32,Разное,34,
31.07.2025 20:30:16,Продукты,1187,
31.07.2025 20:34:32,Необходимые крупные покупки,27750,Витрати в Німеччині 
01.08.2025 16:40:29,Дом/Быт,450,Пройоб с подпиской мегого
01.08.2025 16:51:42,Личное развитие,400,
01.08.2025 16:51:53,Психотерапевт,1500,
02.08.2025 18:06:21,Продукты,1618,
03.08.2025 19:06:43,Здоровье,189,
03.08.2025 19:13:04,Продукты,120,
03.08.2025 22:53:44,Подарки Кому то,4161,
04.08.2025 12:28:22,Фастфуд,446,
04.08.2025 16:10:14,Уход/Косметика,950,
04.08.2025 16:10:37,Алик и фигня,305,
04.08.2025 21:46:52,Разное,667,Білет
04.08.2025 21:47:02,Уход/Косметика,550,
05.08.2025 20:30:43,Продукты,480,
05.08.2025 22:11:58,Комуналка,2386,
05.08.2025 22:12:26,Личное развитие,700,
05.08.2025 22:12:48,Уход/Косметика,1652,
05.08.2025 22:13:12,Животные,741,
05.08.2025 22:13:44,Продукты,581,
06.08.2025 0:46:14,Уход/Косметика,400,
06.08.2025 0:46:35,Дом/Быт,291,
06.08.2025 0:47:12,Разное,336,Доставка 
06.08.2025 0:48:36,Здоровье,750,
06.08.2025 18:04:48,Личное развитие,400,
07.08.2025 11:48:32,Подарки Кому то,1038,Подарок акшиту
08.08.2025 0:12:57,Уход/Косметика,600,
08.08.2025 0:13:12,Животные,424,
08.08.2025 12:07:33,Личное развитие,400,
08.08.2025 14:02:42,Необходимые крупные покупки,4516,Хайфай блютуз
08.08.2025 20:10:14,Продукты,796,
09.08.2025 22:20:03,Дом/Быт,680,
10.08.2025 14:01:36,Продукты,2871,
10.08.2025 14:02:10,Разное,50,
11.08.2025 11:15:38,Подарки Кому то,562,
11.08.2025 13:10:51,Личное развитие,400,
11.08.2025 18:32:51,Донат,600,
12.08.2025 8:16:41,Здоровье,498,
12.08.2025 8:16:56,Животные,378,
12.08.2025 11:15:45,Личное развитие,700,
12.08.2025 22:12:45,Продукты,568,
13.08.2025 11:54:54,Разное,205,
13.08.2025 14:11:23,Животные,3420,
13.08.2025 23:40:46,Донат,1785,
15.08.2025 10:53:44,Животные,127,
15.08.2025 12:27:19,Дом/Быт,700,Охрана
15.08.2025 13:24:51,Психотерапевт,1500,
15.08.2025 15:08:29,Подарки Кому то,1543,Игры
15.08.2025 21:01:46,Донат,1950,Марте
16.08.2025 11:38:26,Подарки Кому то,537,
16.08.2025 11:38:46,Дом/Быт,296,
16.08.2025 11:39:02,Животные,546,
16.08.2025 11:39:19,Личное развитие,400,
16.08.2025 11:39:38,Тачка Бенз,1409,
16.08.2025 11:39:58,Фастфуд,225,
16.08.2025 13:10:48,Дом/Быт,690,
16.08.2025 19:46:48,Продукты,1950,
16.08.2025 19:53:04,Продукты,96,
17.08.2025 11:39:06,Разное,555,
18.08.2025 11:37:09,Фастфуд,456,
18.08.2025 23:22:30,Необходимые крупные покупки,13007,Годинник 
18.08.2025 23:23:36,Животные,262,
18.08.2025 23:23:56,Личное развитие,400,
18.08.2025 23:24:27,Животные,1175,
20.08.2025 23:22:34,Уход/Косметика,890,
20.08.2025 23:23:03,Личное развитие,700,
20.08.2025 23:23:25,Продукты,473,
20.08.2025 23:24:00,Продукты,564,
20.08.2025 23:24:21,Личное развитие,400,
20.08.2025 23:24:37,Продукты,730,
21.08.2025 11:42:21,Фастфуд,640,
21.08.2025 20:48:58,Продукты,520,
22.08.2025 11:09:21,Продукты,442,
22.08.2025 11:09:32,Здоровье,20,
22.08.2025 11:09:48,Личное развитие,622,
22.08.2025 12:30:08,Разное,500,
22.08.2025 14:02:49,Разное,164,Таксі
22.08.2025 14:03:13,Одежда Обувь,1657,
22.08.2025 14:03:37,Фастфуд,338,
22.08.2025 14:28:28,Подарки Кому то,4000,Компрессор и витамины родителям
22.08.2025 14:29:08,Здоровье,3900,Витамины добавки
22.08.2025 14:31:41,Разное,1950,Пластинка
22.08.2025 20:47:53,Разное,105,
23.08.2025 10:46:08,Разное,400,
23.08.2025 14:09:23,Алик и фигня,538,
24.08.2025 14:36:57,Подарки Кому то,1784,Маман нр
24.08.2025 15:23:57,Необходимые крупные покупки,3000,Блок питания
24.08.2025 15:24:26,Разное,1350,
24.08.2025 20:56:35,Подарки Кому то,1017,
25.08.2025 13:56:58,Здоровье,1807,Креатин
27.08.2025 10:02:57,Разное,340,Таксі
27.08.2025 10:03:13,Разное,1000,Квиток 
27.08.2025 10:04:41,Разное,418,Квиток на поїзд 
27.08.2025 10:05:08,Разное,289,Таксі
27.08.2025 10:05:23,Дом/Быт,426,
27.08.2025 10:06:19,Психотерапевт,1500,
27.08.2025 10:06:32,Личное развитие,700,
27.08.2025 10:06:50,Разное,346,Таксі
27.08.2025 10:07:04,Разное,600,Таксі
27.08.2025 10:07:30,Продукты,1107,
27.08.2025 10:07:53,Подарки Кому то,190,
27.08.2025 10:08:31,Фастфуд,374,
27.08.2025 10:09:00,Дом/Быт,380,
27.08.2025 10:09:24,Фастфуд,1420,
27.08.2025 10:13:16,Одежда Обувь,1504,
27.08.2025 10:13:32,Одежда Обувь,3566,
27.08.2025 10:13:49,Разное,124,Таксі
27.08.2025 10:14:05,Продукты,457,
27.08.2025 10:15:15,Дом/Быт,700,
27.08.2025 10:16:04,Одежда Обувь,1400,
27.08.2025 10:16:47,Подарки Кому то,3702,Іванні
27.08.2025 10:17:26,Подарки Кому то,999,Іванні
27.08.2025 18:39:49,Здоровье,396,
27.08.2025 18:51:16,Продукты,700,
27.08.2025 23:04:51,Уход/Косметика,1200,
27.08.2025 23:05:01,Личное развитие,700,
27.08.2025 23:05:59,Подарки Кому то,199,
27.08.2025 23:08:38,Продукты,1095,
27.08.2025 23:08:56,Дом/Быт,150,
27.08.2025 23:09:12,Животные,634,
27.08.2025 23:09:41,Разное,274,Таксі
27.08.2025 23:11:32,Разное,340,Таксі
27.08.2025 23:12:13,Подарки Кому то,1600,
27.08.2025 23:12:42,Фастфуд,520,
27.08.2025 23:19:46,Подарки Кому то,457,Іванні
27.08.2025 23:19:56,Одежда Обувь,400,
28.08.2025 13:54:41,Алик и фигня,1009,
30.08.2025 13:26:41,Животные,3200,Корм
30.08.2025 20:43:20,Продукты,2534,
30.08.2025 22:38:33,Донат,10050,Матвію на одужання
31.08.2025 15:14:16,Подарки Кому то,1195,
31.08.2025 23:00:45,Разное,350,Таксі
31.08.2025 23:01:00,Разное,230,Доставка
31.08.2025 23:02:37,Продукты,984,
01.09.2025 11:58:26,Алик и фигня,566,
02.09.2025 12:19:05,Животные,1780,
02.09.2025 12:19:30,Дом/Быт,1100,
05.09.2025 9:55:36,Донат,1000,
05.09.2025 10:35:42,Здоровье,1799,
05.09.2025 21:20:56,Продукты,2198,
07.09.2025 23:33:09,Продукты,499,
07.09.2025 23:33:25,Уход/Косметика,5343,
07.09.2025 23:33:45,Продукты,498,
07.09.2025 23:36:34,Уход/Косметика,780,
08.09.2025 13:12:23,Здоровье,2224,
09.09.2025 10:15:30,Дом/Быт,2601,Домовой
09.09.2025 11:54:01,Дом/Быт,314,
09.09.2025 12:48:23,Фастфуд,367,
10.09.2025 18:45:24,Одежда Обувь,3275,
11.09.2025 12:53:57,Фастфуд,503,
11.09.2025 13:29:36,Здоровье,750,Кардиолог
11.09.2025 20:22:26,Здоровье,600,
11.09.2025 20:32:55,Продукты,612,
12.09.2025 14:30:14,Алик и фигня,1270,
15.09.2025 10:57:17,Дом/Быт,6000,Мусор
15.09.2025 11:57:31,Фастфуд,583,
15.09.2025 21:29:22,Подарки Кому то,122,
15.09.2025 22:57:34,Продукты,6086,
15.09.2025 22:58:08,Здоровье,2182,
15.09.2025 22:58:26,Подарки Кому то,2670,
15.09.2025 22:58:53,Дом/Быт,3492,
15.09.2025 22:59:24,Разное,759,Квиток на поїзд 
15.09.2025 22:59:40,Разное,195,Доставка 
15.09.2025 22:59:53,Разное,207,
15.09.2025 23:00:22,Тачка Бенз,1039,
15.09.2025 23:01:18,Уход/Косметика,1530,
15.09.2025 23:02:08,Животные,12150,Укол Марсі
15.09.2025 23:02:24,Животные,1300,
15.09.2025 23:50:42,Уход/Косметика,1990,
16.09.2025 9:55:45,Уход/Косметика,2256,
16.09.2025 11:20:59,Фастфуд,653,
16.09.2025 12:37:15,Личное развитие,700,
16.09.2025 18:29:01,Уход/Косметика,900,
16.09.2025 20:57:05,Продукты,631,
17.09.2025 11:10:53,Донат,3015,
17.09.2025 12:37:57,Фастфуд,653,
17.09.2025 16:10:51,Донат,5025,
18.09.2025 12:26:01,Подарки Кому то,746,Вадиму премиум
18.09.2025 12:37:56,Фастфуд,861,
18.09.2025 12:38:32,Здоровье,720,
18.09.2025 12:45:29,Фастфуд,653,
18.09.2025 13:37:04,Разное,1389,Квитки на потяг
18.09.2025 19:17:58,Продукты,769,
18.09.2025 21:40:12,Уход/Косметика,1508,
19.09.2025 11:44:46,Животные,915,
19.09.2025 14:26:42,Фастфуд,723,
20.09.2025 13:39:57,Комуналка,400,
20.09.2025 14:12:04,Дом/Быт,200,
20.09.2025 15:49:12,Алик и фигня,500,
20.09.2025 21:28:00,Дом/Быт,500,
20.09.2025 23:08:49,Здоровье,4000,Витамины и протеин
20.09.2025 23:09:20,Подарки Кому то,1300,Лего в коллекцию
21.09.2025 10:42:35,Разное,65,
21.09.2025 10:42:44,Разное,500,
22.09.2025 15:32:14,Алик и фигня,296,Кабеля
22.09.2025 19:58:00,Продукты,1219,
23.09.2025 10:47:20,Подарки Кому то,1803,Соусы и подарки
23.09.2025 12:50:26,Фастфуд,608,
23.09.2025 15:46:41,Дом/Быт,250,
23.09.2025 15:47:02,Подарки Кому то,480,
23.09.2025 20:40:03,Продукты,753,
24.09.2025 11:47:01,Фастфуд,507,
24.09.2025 12:53:58,Подарки Кому то,500,Лего симпсонс
24.09.2025 23:33:03,Одежда Обувь,76,
24.09.2025 23:33:15,Подарки Кому то,40,
24.09.2025 23:34:56,Дом/Быт,200,
24.09.2025 23:35:25,Дом/Быт,60,
24.09.2025 23:37:18,Личное развитие,624,
24.09.2025 23:38:03,Фастфуд,741,
24.09.2025 23:38:47,Личное развитие,700,
24.09.2025 23:39:38,Дом/Быт,921,
24.09.2025 23:39:53,Продукты,433,
24.09.2025 23:41:10,Фастфуд,281,
24.09.2025 23:41:39,Дом/Быт,237,
24.09.2025 23:41:53,Разное,68,
25.09.2025 11:52:45,Донат,10000,Саньку на тачку
25.09.2025 12:18:12,Фастфуд,315,
25.09.2025 14:13:41,Фастфуд,846,
25.09.2025 16:05:36,Одежда Обувь,1637,
25.09.2025 16:06:00,Дом/Быт,1351,
25.09.2025 16:48:41,Подарки Кому то,1317,Мамі на ДН
25.09.2025 17:15:27,Подарки Кому то,906,Мамі на ДН
25.09.2025 17:16:24,Подарки Кому то,364,
25.09.2025 17:58:34,Подарки Кому то,3425,😍
25.09.2025 18:11:44,Уход/Косметика,1636,
25.09.2025 23:21:07,Дом/Быт,1121,
26.09.2025 11:39:32,Донат,1000,Сане подарок на др руслана
26.09.2025 12:17:19,Фастфуд,657,
26.09.2025 14:01:59,Дом/Быт,297,
26.09.2025 20:43:52,Подарки Кому то,220,
27.09.2025 13:22:07,Разное,2000,Консультація юриса
27.09.2025 16:17:38,Разное,68,
27.09.2025 21:04:28,Животные,890,
27.09.2025 21:06:06,Животные,1898,
27.09.2025 21:06:20,Фастфуд,200,
27.09.2025 21:07:05,Разное,206,Доставка
27.09.2025 21:08:53,Разное,86,Доставка
29.09.2025 12:26:34,Животные,25734,Лікування для Марсі
29.09.2025 12:27:09,Фастфуд,978,
29.09.2025 23:51:34,Разное,50,
29.09.2025 23:53:32,Фастфуд,931,
29.09.2025 23:53:54,Дом/Быт,1377,
29.09.2025 23:54:36,Продукты,3267,
30.09.2025 11:30:42,Животные,5689,Корма котикам
30.09.2025 20:36:57,Продукты,276,
30.09.2025 21:17:13,Фастфуд,390,
30.09.2025 21:17:33,Разное,94,Доставка
30.09.2025 21:17:48,Здоровье,183,
30.09.2025 21:18:43,Разное,1580,Квіти для Матвія
01.10.2025 17:09:26,Здоровье,700,
01.10.2025 17:09:56,Животные,123,
02.10.2025 3:53:28,Разное,65,Доставка 
02.10.2025 3:53:48,Животные,80,
02.10.2025 3:54:07,Дом/Быт,679,
02.10.2025 3:54:24,Личное развитие,400,
02.10.2025 12:16:38,Личное развитие,700,
02.10.2025 19:10:20,Фастфуд,591,
02.10.2025 19:10:30,Разное,188,
03.10.2025 14:42:35,Здоровье,2100,
03.10.2025 21:13:44,Психотерапевт,3000,
04.10.2025 12:52:24,Подарки Кому то,500,
04.10.2025 12:52:32,Дом/Быт,442,
04.10.2025 22:13:11,Алик и фигня,260,
06.10.2025 11:11:43,Подарки Кому то,1799,Подарунок мамі на ДН
06.10.2025 11:11:57,Продукты,517,
06.10.2025 11:13:12,Подарки Кому то,3560,Платівки для нас
06.10.2025 11:13:45,Фастфуд,1282,
06.10.2025 11:14:03,Разное,1600,За квартиру
06.10.2025 11:14:18,Фастфуд,1106,
06.10.2025 12:00:02,Продукты,99,
06.10.2025 12:00:37,Фастфуд,1084,
06.10.2025 12:33:47,Фастфуд,1058,
06.10.2025 17:55:10,Одежда Обувь,558,
07.10.2025 0:51:34,Подарки Кому то,1560,Краса
07.10.2025 0:53:11,Фастфуд,478,
07.10.2025 0:53:41,Фастфуд,736,
07.10.2025 0:54:11,Подарки Кому то,2084,
07.10.2025 0:54:27,Разное,300,
07.10.2025 0:55:19,Фастфуд,1058,
07.10.2025 14:18:12,Фастфуд,555,
07.10.2025 15:08:04,Алик и фигня,362,
07.10.2025 20:45:57,Продукты,918,
08.10.2025 11:27:19,Продукты,622,
08.10.2025 11:27:37,Фастфуд,588,
08.10.2025 11:28:11,Подарки Кому то,1057,
08.10.2025 11:28:25,Подарки Кому то,1273,
08.10.2025 13:44:02,Фастфуд,623,
08.10.2025 13:47:36,Психотерапевт,1500,
08.10.2025 16:17:14,Личное развитие,700,
08.10.2025 18:39:37,Уход/Косметика,450,
08.10.2025 18:40:03,Разное,230,Зберігання
09.10.2025 23:49:30,Продукты,1271,
09.10.2025 23:50:17,Продукты,1348,
09.10.2025 23:50:32,Уход/Косметика,400,
10.10.2025 8:40:05,Здоровье,603,
11.10.2025 11:12:03,Донат,5000,Саньку величко
15.10.2025 12:10:13,Дом/Быт,700,Явир
16.10.2025 0:41:57,Продукты,905,
16.10.2025 0:42:42,Продукты,316,
16.10.2025 0:43:03,Здоровье,2516,
16.10.2025 0:43:21,Личное развитие,500,
16.10.2025 0:43:42,Фастфуд,575,
16.10.2025 0:44:00,Личное развитие,700,
16.10.2025 0:44:29,Уход/Косметика,2555,
16.10.2025 0:49:32,Здоровье,797,
16.10.2025 0:49:54,Фастфуд,195,
16.10.2025 0:50:44,Тачка Бенз,5525,
16.10.2025 0:51:06,Фастфуд,300,
19.10.2025 20:27:02,Подарки Кому то,720,
19.10.2025 20:27:14,Тачка ТО,160,
20.10.2025 18:54:38,Подарки Кому то,4900,
20.10.2025 21:11:38,Тачка ТО,3133,
20.10.2025 21:13:00,Донат,200,
21.10.2025 20:17:03,Продукты,1037,
22.10.2025 17:44:58,Тачка ТО,530,
22.10.2025 21:30:38,Животные,3606,
22.10.2025 21:48:23,Подарки Кому то,799,
23.10.2025 10:02:14,Дом/Быт,5000,
23.10.2025 12:35:47,Фастфуд,690,
23.10.2025 12:37:03,Фастфуд,527,
23.10.2025 12:37:22,Фастфуд,640,
23.10.2025 12:37:43,Фастфуд,722,
23.10.2025 14:49:00,Дом/Быт,724,
23.10.2025 20:33:51,Продукты,862,
24.10.2025 13:08:00,Фастфуд,677,
24.10.2025 15:28:17,Дом/Быт,1450,
24.10.2025 15:28:33,Фастфуд,526,
24.10.2025 15:28:50,Продукты,2290,
24.10.2025 15:29:01,Психотерапевт,3000,
24.10.2025 15:29:14,Уход/Косметика,1170,
24.10.2025 15:29:31,Личное развитие,2780,
24.10.2025 15:29:44,Животные,558,
24.10.2025 15:29:59,Подарки Кому то,1689,
24.10.2025 15:52:46,Дом/Быт,250,
24.10.2025 19:03:36,Дом/Быт,279,
24.10.2025 20:11:35,Подарки Кому то,214,
25.10.2025 13:39:05,Уход/Косметика,2351,
25.10.2025 21:45:46,Уход/Косметика,2086,
25.10.2025 22:13:46,Подарки Кому то,3900,Лего бриклинк заказ латвия
26.10.2025 17:00:55,Одежда Обувь,293,
26.10.2025 19:12:51,Здоровье,232,
26.10.2025 19:22:14,Продукты,719,
27.10.2025 12:33:12,Фастфуд,528,
27.10.2025 20:14:12,Личное развитие,400,
27.10.2025 20:14:48,Подарки Кому то,964,
27.10.2025 20:16:11,Продукты,984,
27.10.2025 20:18:47,Подарки Кому то,400,
28.10.2025 12:37:09,Личное развитие,700,
28.10.2025 13:07:48,Фастфуд,847,
28.10.2025 13:30:15,Здоровье,5580,
29.10.2025 14:03:43,Здоровье,400,
29.10.2025 18:04:00,Тачка ТО,12000,ТО + обезшумка даерей
29.10.2025 18:04:07,Разное,100,
29.10.2025 21:06:26,Продукты,1900,
30.10.2025 10:21:49,Здоровье,1090,
30.10.2025 10:24:41,Продукты,69,
30.10.2025 11:01:11,Здоровье,520,
30.10.2025 12:57:09,Фастфуд,759,
30.10.2025 18:56:50,Алик и фигня,230,
30.10.2025 18:57:06,Одежда Обувь,620,
30.10.2025 20:23:00,Подарки Кому то,550,
30.10.2025 21:50:56,Дом/Быт,199,
30.10.2025 21:51:31,Продукты,737,
30.10.2025 21:52:12,Подарки Кому то,1419,
30.10.2025 21:55:24,Подарки Кому то,875,Чашка Насті(передоплата)
30.10.2025 21:55:49,Продукты,207,
30.10.2025 22:08:23,Подарки Кому то,95,
31.10.2025 13:09:04,Фастфуд,591,
31.10.2025 14:14:53,Одежда Обувь,300,
31.10.2025 14:20:44,Дом/Быт,538,
31.10.2025 14:40:31,Здоровье,657,657
31.10.2025 14:41:18,Здоровье,480,
31.10.2025 15:36:59,Дом/Быт,3950,
31.10.2025 15:37:36,Продукты,513,
03.11.2025 11:40:41,Разное,564,
03.11.2025 11:40:54,Фастфуд,896,
03.11.2025 20:49:30,Необходимые крупные покупки,55000,Телефон
03.11.2025 21:32:00,Разное,83,
03.11.2025 23:03:41,Разное,450,
03.11.2025 23:24:21,Комуналка,410,
04.11.2025 9:29:37,Дом/Быт,1000,Internet
05.11.2025 10:43:35,Психотерапевт,1500,
05.11.2025 10:43:52,Животные,915,
05.11.2025 10:44:01,Личное развитие,700,
05.11.2025 13:08:12,Фастфуд,656,
05.11.2025 13:23:32,Здоровье,400,
05.11.2025 23:40:34,Фастфуд,260,
05.11.2025 23:40:45,Животные,915,
06.11.2025 11:55:06,Фастфуд,747,
06.11.2025 18:43:23,Подарки Кому то,325,
06.11.2025 18:44:05,Уход/Косметика,349,
06.11.2025 18:44:45,Животные,368,
06.11.2025 18:45:08,Здоровье,248,
06.11.2025 18:46:24,Уход/Косметика,204,
06.11.2025 18:47:16,Животные,150,
06.11.2025 18:47:38,Продукты,1188,
06.11.2025 20:44:34,Продукты,957,
06.11.2025 23:09:42,Психотерапевт,1500,
07.11.2025 15:10:02,Фастфуд,899,
07.11.2025 15:10:34,Тачка ТО,600,
08.11.2025 12:09:46,Здоровье,400,
08.11.2025 20:32:25,Дом/Быт,1131,
08.11.2025 21:32:16,Продукты,1639,
09.11.2025 12:49:47,Дом/Быт,1500,Лампы
09.11.2025 23:41:22,Дом/Быт,630,
09.11.2025 23:41:37,Продукты,80,
09.11.2025 23:42:13,Продукты,241,
09.11.2025 23:42:47,Разное,94,Доставка
10.11.2025 12:47:42,Фастфуд,591,
10.11.2025 13:24:51,Здоровье,272,
10.11.2025 19:54:24,Разное,255,Доставка 
10.11.2025 19:54:50,Дом/Быт,250,
10.11.2025 19:55:09,Здоровье,450,
10.11.2025 19:55:54,Дом/Быт,227,
10.11.2025 19:56:22,Донат,230,
11.11.2025 14:07:22,Личное развитие,700,
11.11.2025 14:19:03,Фастфуд,260,
11.11.2025 15:26:41,Здоровье,1500,
11.11.2025 18:43:53,Дом/Быт,734,
11.11.2025 18:44:01,Здоровье,400,
11.11.2025 23:56:19,Животные,1627,
12.11.2025 13:24:14,Здоровье,450,
12.11.2025 13:48:07,Тачка Бенз,1691,
12.11.2025 13:51:12,Продукты,811,
12.11.2025 13:51:28,Фастфуд,634,
12.11.2025 13:51:36,Здоровье,150,
12.11.2025 15:13:20,Животные,1271,
12.11.2025 15:32:17,Разное,250,Олх
12.11.2025 20:01:48,Дом/Быт,1147,
13.11.2025 12:41:38,Здоровье,2300,
13.11.2025 12:44:51,Уход/Косметика,60,
13.11.2025 12:45:20,Здоровье,287,
13.11.2025 13:23:47,Фастфуд,742,
15.11.2025 18:47:39,Продукты,1320,
15.11.2025 19:05:44,Продукты,2833,
17.11.2025 13:15:54,Фастфуд,572,
18.11.2025 12:28:12,Фастфуд,630,
18.11.2025 16:08:49,Личное развитие,2200,
18.11.2025 16:09:07,Здоровье,1200,
18.11.2025 16:09:40,Продукты,905,
18.11.2025 16:10:07,Дом/Быт,1207,
18.11.2025 16:10:22,Подарки Кому то,339,
18.11.2025 16:10:38,Животные,1689,
18.11.2025 16:17:14,Здоровье,400,
18.11.2025 20:39:42,Продукты,663,
18.11.2025 21:40:08,Животные,3606,
19.11.2025 12:56:34,Фастфуд,745,
20.11.2025 13:05:28,Фастфуд,662,
20.11.2025 14:49:18,Здоровье,700,
22.11.2025 23:00:51,Дом/Быт,522,
22.11.2025 23:01:00,Здоровье,450,
22.11.2025 23:01:12,Уход/Косметика,687,
22.11.2025 23:01:22,Психотерапевт,1500,
22.11.2025 23:05:22,Фастфуд,412,
22.11.2025 23:06:35,Подарки Кому то,658,
22.11.2025 23:07:33,Донат,1944,
22.11.2025 23:41:42,Подарки Кому то,945,
23.11.2025 17:08:19,Донат,89,
24.11.2025 13:05:31,Подарки Кому то,2950,
25.11.2025 12:28:30,Фастфуд,774,
26.11.2025 10:37:55,Здоровье,3000,Тест днк
26.11.2025 19:17:01,Одежда Обувь,915,
26.11.2025 19:17:13,Подарки Кому то,5624,
26.11.2025 19:17:30,Дом/Быт,1213,
26.11.2025 19:17:44,Личное развитие,700,
26.11.2025 19:17:54,Уход/Косметика,667,
26.11.2025 19:19:32,Здоровье,1700,
26.11.2025 19:19:49,Фастфуд,1876,
26.11.2025 19:20:02,Животные,1336,
26.11.2025 19:20:19,Продукты,2009,
26.11.2025 19:20:52,Разное,525,Доставка 
26.11.2025 20:26:56,Здоровье,3000,
26.11.2025 20:48:02,Подарки Кому то,1000,
27.11.2025 19:17:20,Продукты,1360,
01.12.2025 14:40:17,Разное,150,
01.12.2025 14:40:33,Здоровье,600,
01.12.2025 14:41:06,Подарки Кому то,1585,Риба батькам
01.12.2025 14:41:33,Продукты,1585,
01.12.2025 14:42:36,Дом/Быт,1242,
01.12.2025 14:43:06,Фастфуд,1346,
01.12.2025 14:43:25,Дом/Быт,927,
01.12.2025 14:49:33,Дом/Быт,846,
01.12.2025 14:49:59,Продукты,3022,
01.12.2025 15:45:59,Продукты,2082,
01.12.2025 15:46:10,Здоровье,450,
01.12.2025 18:36:21,Комуналка,9137,
01.12.2025 18:53:45,Одежда Обувь,1050,
01.12.2025 18:54:26,Дом/Быт,580,
01.12.2025 21:02:55,Уход/Косметика,4265,
02.12.2025 20:58:03,Продукты,1111,
03.12.2025 11:07:19,Продукты,654,
03.12.2025 11:07:35,Здоровье,700,
03.12.2025 22:19:28,Уход/Косметика,1769,
04.12.2025 11:44:20,Разное,500,
04.12.2025 13:39:33,Здоровье,700,
04.12.2025 13:40:16,Тачка Бенз,3300,
04.12.2025 20:31:55,Продукты,718,
05.12.2025 13:49:40,Тачка Бенз,1801,
05.12.2025 13:54:06,Фастфуд,866,
05.12.2025 15:30:51,Подарки Кому то,4540,Димону подарок
05.12.2025 20:43:56,Уход/Косметика,500,
05.12.2025 20:44:24,Здоровье,450,
05.12.2025 20:59:52,Животные,1151,
06.12.2025 11:09:35,Разное,450,
06.12.2025 18:47:02,Фастфуд,630,
07.12.2025 0:32:27,Продукты,1252,
07.12.2025 0:32:47,Разное,138,Доставка 
07.12.2025 0:32:56,Животные,790,
07.12.2025 14:59:25,Подарки Кому то,135,
07.12.2025 15:01:05,Подарки Кому то,3000,
07.12.2025 15:13:19,Подарки Кому то,629,
07.12.2025 15:20:35,Подарки Кому то,1550,
07.12.2025 15:45:13,Подарки Кому то,1390,
07.12.2025 16:04:59,Животные,3100,
08.12.2025 10:36:45,Подарки Кому то,6240,Вануся
08.12.2025 13:23:58,Здоровье,450,
08.12.2025 13:27:08,Разное,95,
08.12.2025 13:28:08,Психотерапевт,1500,
09.12.2025 12:57:05,Алик и фигня,397,
09.12.2025 12:57:52,Животные,830,
09.12.2025 13:06:23,Фастфуд,754,
09.12.2025 17:51:55,Разное,500,
09.12.2025 18:03:28,Личное развитие,700,
10.12.2025 13:31:10,Фастфуд,547,
10.12.2025 15:04:44,Алик и фигня,300,
10.12.2025 17:18:15,Здоровье,600,
11.12.2025 12:52:04,Фастфуд,750,
11.12.2025 16:29:40,Подарки Кому то,875,Насті
11.12.2025 16:31:24,Тачка ТО,440,
12.12.2025 13:04:55,Фастфуд,614,
12.12.2025 21:01:26,Продукты,2200,
14.12.2025 13:38:34,Тачка ТО,3172,Бустр
14.12.2025 13:43:29,Алик и фигня,587,
14.12.2025 23:09:51,Психотерапевт,1500,
15.12.2025 10:10:27,Тачка ТО,5135,Рулевые тяги
15.12.2025 10:44:20,Дом/Быт,2000,Фильтры
15.12.2025 10:44:33,Животные,2311,Наполнитель
15.12.2025 10:44:41,Подарки Кому то,1000,
15.12.2025 12:19:36,Фастфуд,779,
15.12.2025 13:00:40,Дом/Быт,700,Охрана
15.12.2025 14:45:52,Алик и фигня,207,
16.12.2025 12:23:11,Фастфуд,722,
16.12.2025 20:31:59,Продукты,743,
16.12.2025 21:39:24,Здоровье,604,
17.12.2025 10:51:40,Тачка ТО,126,
17.12.2025 22:54:52,Тачка ТО,4600,
18.12.2025 12:31:47,Фастфуд,747,
19.12.2025 12:51:30,Фастфуд,797,
19.12.2025 18:16:23,Разное,200,
20.12.2025 11:40:47,Продукты,425,
20.12.2025 18:46:01,Алик и фигня,246,
20.12.2025 22:42:33,Разное,168,Доставка
20.12.2025 22:42:46,Продукты,74,
20.12.2025 22:43:00,Дом/Быт,290,
20.12.2025 22:43:14,Здоровье,450,
20.12.2025 22:43:52,Разное,1304,Техпаспорт 
20.12.2025 22:44:08,Подарки Кому то,2485,
20.12.2025 22:44:21,Здоровье,300,
20.12.2025 22:44:42,Дом/Быт,1290,
20.12.2025 22:45:01,Личное развитие,700,
20.12.2025 22:45:16,Подарки Кому то,300,
20.12.2025 22:45:36,Разное,97,Доставка
20.12.2025 22:46:02,Разное,192,Доставка 
20.12.2025 22:47:25,Продукты,3087,
20.12.2025 22:47:40,Здоровье,300,
20.12.2025 22:47:49,Разное,700,
20.12.2025 22:48:55,Здоровье,450,
20.12.2025 22:51:21,Подарки Кому то,1427,
21.12.2025 10:27:38,Разное,1490,
21.12.2025 13:29:29,Психотерапевт,1500,
21.12.2025 13:38:50,Дом/Быт,582,
21.12.2025 13:54:49,Тачка ТО,130,
21.12.2025 14:05:42,Подарки Кому то,661,Бриклинк
21.12.2025 18:00:36,Донат,2220,Подарки в зал на нг
21.12.2025 20:29:11,Дом/Быт,260,
21.12.2025 22:11:22,Алик и фигня,809,
21.12.2025 22:45:07,Подарки Кому то,490,
22.12.2025 10:34:04,Разное,220,
22.12.2025 13:13:22,Личное развитие,700,
22.12.2025 23:33:51,Фастфуд,301,
22.12.2025 23:34:06,Дом/Быт,414,
23.12.2025 13:13:06,Фастфуд,497,
23.12.2025 13:59:37,Разное,250,
23.12.2025 15:33:00,Разное,301,
23.12.2025 21:24:33,Подарки Кому то,846,
24.12.2025 0:59:16,Подарки Кому то,1339,
24.12.2025 12:14:52,Продукты,924,
24.12.2025 13:02:43,Фастфуд,675,
24.12.2025 13:02:51,Подарки Кому то,525,
24.12.2025 14:53:12,Здоровье,0,Перчатки и накладки для спорта
24.12.2025 15:29:51,Алик и фигня,1057,
24.12.2025 16:05:50,Подарки Кому то,1532,
24.12.2025 16:06:06,Донат,500,
24.12.2025 16:19:51,Подарки Кому то,2000,Іванні балансборд
24.12.2025 17:41:48,Разное,610,
24.12.2025 17:44:12,Разное,125,
24.12.2025 17:49:02,Разное,175,
24.12.2025 19:03:46,Дом/Быт,556,
25.12.2025 10:58:48,Разное,90,
25.12.2025 12:33:12,Донат,135,
25.12.2025 20:34:25,Продукты,1116,
26.12.2025 12:24:52,Фастфуд,752,
26.12.2025 14:54:04,Дом/Быт,1500,
26.12.2025 15:42:59,Алик и фигня,904,
27.12.2025 14:02:50,Подарки Кому то,400,
27.12.2025 14:03:19,Подарки Кому то,3000,
27.12.2025 17:07:37,Подарки Кому то,105,
27.12.2025 17:56:45,Алик и фигня,1600,
27.12.2025 18:04:45,Здоровье,2578,
27.12.2025 23:05:21,Дом/Быт,435,
28.12.2025 13:08:05,Разное,960,
28.12.2025 18:09:59,Подарки Кому то,1783,Лего бриклинк
29.12.2025 13:20:26,Фастфуд,382,
29.12.2025 20:59:48,Дом/Быт,120,
29.12.2025 20:59:55,Здоровье,120,
29.12.2025 22:35:18,Разное,90,
29.12.2025 23:36:17,Подарки Кому то,671,
29.12.2025 23:36:17,Подарки Кому то,5135,
29.12.2025 23:36:17,Фастфуд,865,
29.12.2025 23:36:17,Разное,1276,Доставки
29.12.2025 23:36:17,Разное,478,
29.12.2025 23:36:17,Подарки Кому то,6322,
29.12.2025 23:36:17,Животные,180,
29.12.2025 23:36:17,Дом/Быт,2140,
29.12.2025 23:36:17,Дом/Быт,1000,Ялинка
29.12.2025 23:36:17,Здоровье,1800,
29.12.2025 23:36:17,Уход/Косметика,900,
29.12.2025 23:36:17,Психотерапевт,1500,
29.12.2025 23:36:17,Личное развитие,700,
31.12.2025 0:50:46,Продукты,220,
31.12.2025 0:50:56,Личное развитие,400,
31.12.2025 0:51:31,Подарки Кому то,260,
31.12.2025 0:51:53,Здоровье,118,
31.12.2025 0:52:31,Животные,4684,
31.12.2025 0:53:33,Разное,700,Передача мамі
31.12.2025 0:53:48,Продукты,113,
